"hfpxzc href","xxVWCe","MW4etd","UY7F9","W4Efsd","W4Efsd 2","W4Efsd 3","W4Efsd 4","W4Efsd 5","UsdlK","Cw1rxd","R8c4Qb","Jn12ke src","ah5Ghc","W4Efsd 6"
"","","","","","","","","","","","","","",""
"","","","","","","","","","","","","","",""
"https://www.google.com/maps/place/Anchor+Divesh+Narwani/data=!4m7!3m6!1s0x39418b53986abd73:0x996fb7a76d4d2e86!8m2!3d26.2100581!4d73.0220303!16s%2Fg%2F11nm_qz9q0!19sChIJc71qmFOLQTkRhi5Nbae3b5k?authuser=0&hl=en&rclk=1","Anchor Divesh Narwani","5.0","(33)","Artist","·","1, c/153","Open 24 hours","·","080058 56827","","Website","https://ssl.gstatic.com/local/servicebusiness/default_user.png","""Good anchoring 👍""",""
"https://www.google.com/maps/place/ANCHOR+PANKAJ+TAK/data=!4m7!3m6!1s0x39418dba58326347:0xa0871ccc3ee3513a!8m2!3d26.2738226!4d73.0312578!16s%2Fg%2F11w4nyynlh!19sChIJR2MyWLqNQTkROlHjPswch6A?authuser=0&hl=en&rclk=1","ANCHOR PANKAJ TAK","5.0","(52)","Artist","·","VEE CAP CLASSES, BHASKAR CHORHA, B45","Open 24 hours","·","098289 98988","","Website","https://ssl.gstatic.com/local/servicebusiness/default_user.png","""Best Anchor, Best host, Best Emcee in jodhpur & Rajasthan
...""",""
"https://www.google.com/maps/place/Best+Anchor+Deepak+Jagtiani,+wedding+anchor,+Shadi,+Haldi,+Sangeet,+wedding+anniversary,+corporate+events,+birthday+parties/data=!4m7!3m6!1s0x39418f005ec766cb:0x6fb5f1765b5c36cd!8m2!3d26.2664868!4d72.9745114!16s%2Fg%2F11ynvdmjly!19sChIJy2bHXgCPQTkRzTZcW3bxtW8?authuser=0&hl=en&rclk=1","Best Anchor Deepak Jagtiani, wedding anchor, Shadi, Haldi, Sangeet, wedding anniversary, corporate events, birthday parties","5.0","(69)","Entertainer","·","8/401","Open 24 hours","","","","Directions","https://ssl.gstatic.com/local/servicebusiness/default_user.png","""One of the most talented anchor we have seen very natural and engaging""",""
"https://www.google.com/maps/place/Anchor+Monika+Singh/data=!4m7!3m6!1s0x39418b0f09e403f9:0x7862b00299346192!8m2!3d26.206923!4d73.0260163!16s%2Fg%2F11xv4pnld5!19sChIJ-QPkCQ-LQTkRkmE0mQKwYng?authuser=0&hl=en&rclk=1","Anchor Monika Singh","4.9","(33)","Event management company","","·","Closed","· Opens 8 am","096725 92509","","Directions","https://ssl.gstatic.com/local/servicebusiness/default_user.png","""Highly impressed with the professionalism and quality .Highly recommended""",""
"https://www.google.com/maps/place/Anchor+Mukesh+Choudhary/data=!4m7!3m6!1s0x39418d8a285e8109:0xb3ef3bc14c5b6854!8m2!3d26.2880877!4d73.084975!16s%2Fg%2F11h3c49r08!19sChIJCYFeKIqNQTkRVGhbTME777M?authuser=0&hl=en&rclk=1","Anchor Mukesh Choudhary","4.8","(12)","Entertainer","·","Jajra Market, Digari, Shikargarh Rd","Closed","· Opens 9 am","090242 12948","","Directions","","","·"
"https://www.google.com/maps/place/Anchor+Dimple+Maheshwaris/data=!4m7!3m6!1s0x39418f04ecaa192f:0x93cfc40b42d8ebc8!8m2!3d26.2370789!4d72.951228!16s%2Fg%2F11xfhmk266!19sChIJLxmq7ASPQTkRyOvYQgvEz5M?authuser=0&hl=en&rclk=1","Anchor Dimple Maheshwaris","5.0","(69)","Artist","·","veetrag city","Open 24 hours","","098294 12017","","Directions","https://ssl.gstatic.com/local/servicebusiness/default_user.png","""Sweet and good nature anchor, and best anchor in india 😍""","·"
"https://www.google.com/maps/place/Anchor+Rohit+Singh/data=!4m7!3m6!1s0x39418deff0e9970b:0xd44fb4173c90b11e!8m2!3d26.3359216!4d73.0548012!16s%2Fg%2F11fszz8x20!19sChIJC5fp8O-NQTkRHrGQPBe0T9Q?authuser=0&hl=en&rclk=1","Anchor Rohit Singh","5.0","(20)","Entertainer","·","DILIP NAGAR, Lal Sagar Rd","","","082094 51466","","Directions","https://ssl.gstatic.com/local/servicebusiness/default_user.png","""... for anyone looking for an energetic and talented anchor.""",""
"https://www.google.com/maps/place/Anchor+House-+A.+M.+Enterprises/data=!4m7!3m6!1s0x39418c366f9f7627:0x32ef2738fb0fd268!8m2!3d26.2794536!4d73.0148638!16s%2Fg%2F1hm5pg0fb!19sChIJJ3afbzaMQTkRaNIP-zgn7zI?authuser=0&hl=en&rclk=1","Anchor House- A. M. Enterprises","3.8","(29)","Electrical & Electronics Stores","·","·","Closed","· Opens 10 am","094141 29512","","Directions","","Delivery","308 , 308a, 3rd floor, Mahaveer Tower, Aggarwal Tower, 1st C Rd, Sardarpura B Road, Gole Building Road"
"https://www.google.com/maps/place/Royal+Anchor+Mayank/data=!4m7!3m6!1s0x39418dc265c4c70f:0x98beab360e406d0d!8m2!3d26.2639387!4d72.9998972!16s%2Fg%2F11n9xgmkvc!19sChIJD8fEZcKNQTkRDW1ADjarvpg?authuser=0&hl=en&rclk=1","Royal Anchor Mayank","5.0","(4)","Event management company","","","Open 24 hours","","","","Directions","https://ssl.gstatic.com/local/servicebusiness/default_user.png","""Highly recommended for anyone looking to add a lively spark to their event!""",""
"https://www.google.com/maps/place/Deepak+Deora+%28+Anchor+%2F+emcee+%2F+entertainer+artist+%29+jodhpur/data=!4m7!3m6!1s0x39418d09f5a5a17b:0xa8a0063ea661c677!8m2!3d26.3071795!4d73.0415972!16s%2Fg%2F11bwd8twh4!19sChIJe6Gl9QmNQTkRd8Zhpj4GoKg?authuser=0&hl=en&rclk=1","Deepak Deora ( Anchor / emcee / entertainer artist ) jodhpur","4.5","(20)","Entertainer","·","2th pol, Mahamandir Cir","Closed","· Opens 8 am","094622 82282","","Directions","","","·"
"https://www.google.com/maps/place/Anchor+in+jodhpur--Gs+Rajput/data=!4m7!3m6!1s0x8ee020f0ba82c5d:0xa92c4f54321c6f30!8m2!3d26.6284062!4d73.8783471!16s%2Fg%2F11k4xw6ptc!19sChIJXSyoCw8C7ggRMG8cMlRPLKk?authuser=0&hl=en&rclk=1","Anchor in jodhpur--Gs Rajput","4.9","(27)","Artist","","·","Closed","· Opens 9 am","063759 19565","","Directions","https://ssl.gstatic.com/local/servicebusiness/default_user.png","""GS rajput is best anchor in the jodhpur""",""
"https://www.google.com/maps/place/Anchor+Sahil+Israni/data=!4m7!3m6!1s0x39418c346496aaab:0x1865cc396a8b0817!8m2!3d21.0680074!4d82.7525294!16s%2Fg%2F11ldynfjmt!19sChIJq6qWZDSMQTkRFwiLajnMZRg?authuser=0&hl=en&rclk=1","Anchor Sahil Israni","5.0","(47)","Entertainer","","·","Open 24 hours","","095217 22500","","Website","https://ssl.gstatic.com/local/servicebusiness/default_user.png","""Great anchor, all in one dhamaka package.""",""
"https://www.google.com/maps/place/Anchor+Dimple+Maheshwari+-+Anchor+in+Jodhpur/data=!4m7!3m6!1s0x8355213fd350c9bd:0xe2f33b0ba960c129!8m2!3d20.8586922!4d79.6581745!16s%2Fg%2F11wx6_qvbn!19sChIJvclQ0z8hVYMRKcFgqQs78-I?authuser=0&hl=en&rclk=1","Anchor Dimple Maheshwari - Anchor in Jodhpur","5.0","(1)","Artist","","","Open 24 hours","","","","Directions","","",""
"https://www.google.com/maps/place/Anchor+Himanshu+Mawar/data=!4m7!3m6!1s0x39418dd9e58dfecd:0x43c7a2bd885aa578!8m2!3d26.2928935!4d73.0449444!16s%2Fg%2F11qf_rz0f9!19sChIJzf6N5dmNQTkReKVaiL2ix0M?authuser=0&hl=en&rclk=1","Anchor Himanshu Mawar","5.0","(2)","Housing society","·","New house, no.9, Rasala Rd, opp. kaparda house","","","082333 07123","","Directions","","",""
"","","","","","","","","","","","","","",""