"hfpxzc href","xxVWCe","qBF1Pd","MW4etd","UY7F9","W4Efsd","W4Efsd 2","W4Efsd 3","W4Efsd 4","W4Efsd 5","W4Efsd 6","UsdlK","lcr4fd href","Cw1rxd","R8c4Qb","Cw1rxd 2","R8c4Qb 2","ah5Ghc","M4A5Cf","ah5Ghc 2","Jn12ke src","W4Efsd 7"
"","","","","","","","","","","","","","","","","","","","","",""
"","","","","","","","","","","","","","","","","","","","","",""
"https://www.google.com/maps/place/The+Large+Sun+%28TLS%29+Event+Organizers/data=!4m7!3m6!1s0x396db47035fe41b3:0xde6828b75c5a0fea!8m2!3d26.8545713!4d75.7611607!16s%2Fg%2F11b6gq3xhr!19sChIJs0H-NXC0bTkR6g9aXLcoaN4?authuser=0&hl=en&rclk=1","The Large Sun (TLS) Event Organizers","The Large Sun (TLS) Event Organizers","4.9","(102)","Event planner","·","·","A2, Kailashpuri, Near Laxman Juice Center New Sanganer Road,near metro pillar 118","Open 24 hours","·","098870 24486","https://www.facebook.com/tlseventorganizers/","","Website","","Directions","On-site services","·","Online appointments","",""
"https://www.google.com/maps/place/Laaj+Event+Management/data=!4m7!3m6!1s0x396db5a72468ec1f:0x3266718cc0ad2d63!8m2!3d26.8379323!4d75.7577181!16s%2Fg%2F11h802344d!19sChIJH-xoJKe1bTkRYy2twIxxZjI?authuser=0&hl=en&rclk=1","Laaj Event Management","Laaj Event Management","4.9","(65)","Event planner","·","plot no 61, Muhana Mandi Rd, opp. vinayak marriage garden","Open","· Closes 10 pm","·","099285 22088","","","Directions","","","""Thank you team Laaj Event for making the event like a mesmerising dream.""","","","https://ssl.gstatic.com/local/servicebusiness/default_user.png",""
"https://www.google.com/maps/place/The+Wedding+Toli/data=!4m7!3m6!1s0x26736dce79dc539f:0x72ecf34ff8a80ec2!8m2!3d26.8479512!4d75.7615457!16s%2Fg%2F11x18dw2st!19sChIJn1Pcec5tcyYRwg6o-E_z7HI?authuser=0&hl=en&rclk=1","The Wedding Toli","The Wedding Toli","5.0","(149)","Event planner","·","32-A, The Wedding Toli, Unique Tower, New Sanganer Rd","·","Open 24 hours","","092570 48199","https://theweddingtoli.com/","","Website","","Directions","On-site services","·","Online appointments","",""
"https://www.google.com/maps/place/PUNAHA+DECOR+%26+EVENTS/data=!4m7!3m6!1s0x8c8c5015e818b45d:0x21fdf9c9ebcc4ee1!8m2!3d26.8192458!4d75.7563563!16s%2Fg%2F11w55v3rs8!19sChIJXbQY6BVQjIwR4U7M68n5_SE?authuser=0&hl=en&rclk=1","PUNAHA DECOR & EVENTS","PUNAHA DECOR & EVENTS","4.9","(72)","Event management company","·","·","Nand Vihar, 27, Rampura Rd","Open","·","078919 21035","http://punahaevents.com/","","Website","","Directions","""Their","","planning","https://ssl.gstatic.com/local/servicebusiness/default_user.png","· Closes 9 pm"
"https://www.google.com/maps/place/AG+Events+and+Wedding+Planners/data=!4m7!3m6!1s0x396db5b0bfe1b0a3:0x2ffb99cb5ad73745!8m2!3d26.8371473!4d75.7536032!16s%2Fg%2F11pz8n65cp!19sChIJo7Dhv7C1bTkRRTfXWsuZ-y8?authuser=0&hl=en&rclk=1","AG Events and Wedding Planners","AG Events and Wedding Planners","4.8","(73)","Wedding planner","·","50 Radha Nikunj 1st, Iskcon Rd, opposite Jain Temple","·","Open","","075685 83001","https://ageventsandtent.com/","","Website","","Directions","""AGS events did an amazing job and made the whole event truly unforgettable.""","","","https://ssl.gstatic.com/local/servicebusiness/default_user.png","· Closes 9 pm"
"https://www.google.com/maps/place/Dot%26Dot+Events+%26+Wedding+Planner/data=!4m7!3m6!1s0x396db58fb505e5e5:0xa96cdf0bbee60074!8m2!3d26.8421609!4d75.7600864!16s%2Fg%2F11xrlp641s!19sChIJ5eUFtY-1bTkRdADmvgvfbKk?authuser=0&hl=en&rclk=1","Dot&Dot Events & Wedding Planner","Dot&Dot Events & Wedding Planner","5.0","(106)","Event planner","·","87 A hanuman vihar iskon road, Vijay Path","·","Open 24 hours","","090575 43603","https://dot-dot-events.localo.site/?utm_source=google_profile&utm_campaign=localo&utm_medium=mainlink","","Website","","Directions","On-site services","·","Online appointments","",""
"https://www.google.com/maps/place/Desert+Events+Planners/data=!4m7!3m6!1s0x396db52f66ba7c63:0x795880ad08b639a1!8m2!3d26.8213005!4d75.8059706!16s%2Fg%2F11hd__696q!19sChIJY3y6Zi-1bTkRoTm2CK2AWHk?authuser=0&hl=en&rclk=1","Desert Events Planners","Desert Events Planners","5.0","(121)","Event planner","·","·","Samrat Nagar, Terminal 1, Airport Rd, opposite Jaipur International Airport","Open 24 hours","·","081078 64787","http://www.deserteventsplanners.com/","","Website","","Directions","On-site services","·","Online appointments","",""
"https://www.google.com/maps/place/Event+Anchor-+Krishna/data=!4m7!3m6!1s0x396dcbd8213594ad:0xd94e9c16500c6a13!8m2!3d26.8220255!4d75.7824677!16s%2Fg%2F11yzpczh_q!19sChIJrZQ1IdjLbTkRE2oMUBacTtk?authuser=0&hl=en&rclk=1","Event Anchor- Krishna","Event Anchor- Krishna","5.0","(23)","Event management company","·","115 ,gem vihar colony, behind sanganer stadium","Open","· Closes 10 pm","·","080059 14828","","","Directions","","","""She knows exactly how to hold a room and keep the party vibe high.""","","","https://ssl.gstatic.com/local/servicebusiness/default_user.png",""
"https://www.google.com/maps/place/SS+dj+event+%26+wedding+planner/data=!4m7!3m6!1s0x396dcb768908c5d9:0x7fd6b841bb3f4609!8m2!3d26.8146392!4d75.7664988!16s%2Fg%2F11ylzssj6v!19sChIJ2cUIiXbLbTkRCUY_u0G41n8?authuser=0&hl=en&rclk=1","SS dj event & wedding planner","SS dj event & wedding planner","4.9","(10)","Event planner","·","Aannda city Road","Open 24 hours","","·","082901 11551","","","Directions","","","""✨
Everything — from decor to coordination — was handled so beautifully.""","","","https://ssl.gstatic.com/local/servicebusiness/default_user.png",""
"https://www.google.com/maps/place/J,P,M+events+jaipur/data=!4m7!3m6!1s0x396db5ebfa96602f:0x296893fb5a5b73e6!8m2!3d26.8242694!4d75.7565857!16s%2Fg%2F11z1ntmc5h!19sChIJL2CW-uu1bTkR5nNbWvuTaCk?authuser=0&hl=en&rclk=1","J,P,M events jaipur","J,P,M events jaipur","5.0","(3)","Event planner","·","Sir ji nagar A=3, Rampura Rd","·","Open 24 hours","","070738 69697","https://jpmeventsjaipur.com/","","Website","","Directions","""Wedding events is nice🥰🥰""","","","https://ssl.gstatic.com/local/servicebusiness/default_user.png",""
"https://www.google.com/maps/place/Vega+Star+Events+-+Wedding+Planner+and+Event+Planner+in+Jaipur/data=!4m7!3m6!1s0x396db5a53cbd75fd:0xac5fe2b90218f4d2!8m2!3d26.8558519!4d75.7686766!16s%2Fg%2F11ddxfv3mw!19sChIJ_XW9PKW1bTkR0vQYArniX6w?authuser=0&hl=en&rclk=1","Vega Star Events - Wedding Planner and Event Planner in Jaipur","Vega Star Events - Wedding Planner and Event Planner in Jaipur","4.8","(42)","Wedding planner","·","·","71/175 Near K.V. No.5, Paramhans Marg, Mansarovar","Open","·","094148 33258","https://www.vegastarevents.in/","","Website","","Directions","On-site services","·","Online appointments","","· Closes 8 pm"
"https://www.google.com/maps/place/Mahidecor+%7C+Event+Planner+In+Jaipur/data=!4m7!3m6!1s0x396db520566133fd:0x4447176c8c8722b3!8m2!3d26.8415612!4d75.7493652!16s%2Fg%2F11zbk95s5p!19sChIJ_TNhViC1bTkRsyKHjGwXR0Q?authuser=0&hl=en&rclk=1","Mahidecor | Event Planner In Jaipur","Mahidecor | Event Planner In Jaipur","5.0","(2)","Event management company","·","Vidhan sabha, Nagar Chauraha, Balaji City, Patrakar Colony Rd","Open","· Closes 10 pm","","","","","Directions","","","On-site services","·","Online appointments","",""
"https://www.google.com/maps/place/Design+My+Wed+%28Event+%26+Wedding+Planner%29/data=!4m7!3m6!1s0x396db5977da07beb:0xcc8a4f7af1a73134!8m2!3d26.8398825!4d75.7658675!16s%2Fg%2F11lz004pd2!19sChIJ63ugfZe1bTkRNDGn8XpPisw?authuser=0&hl=en&rclk=1","Design My Wed (Event & Wedding Planner) · Visited link","Design My Wed (Event & Wedding Planner)","5.0","(11)","Event planner","·","Jc heights, 12","Open","· Closes 8 pm","·","073003 78552","","","Directions","","","""Design my wed] made our big day absolutely stress-free and unforgettable.""","","","https://ssl.gstatic.com/local/servicebusiness/default_user.png",""
"https://www.google.com/maps/place/Decor+Town/data=!4m7!3m6!1s0x396dcbc962bfedd1:0xd74741f84eba0694!8m2!3d26.8154789!4d75.7847324!16s%2Fg%2F11r_qnhg2v!19sChIJ0e2_YsnLbTkRlAa6TvhBR9c?authuser=0&hl=en&rclk=1","Decor Town","Decor Town","4.9","(257)","Event planner","·","3/7 CTS Bus Stand, Jain Mandir, Road","·","Open","","097990 47673","https://www.decortown.in/","","Website","","Directions","On-site services","·","Online appointments","","· Closes 8:30 pm"
"https://www.google.com/maps/place/Save+The+Date+:+Event+%26+Entertainments/data=!4m7!3m6!1s0x396db5f6617b53bd:0x5676811c58e49dd0!8m2!3d26.828705!4d75.790586!16s%2Fg%2F11fy4jw6zb!19sChIJvVN7Yfa1bTkR0J3kWByBdlY?authuser=0&hl=en&rclk=1","Save The Date : Event & Entertainments","Save The Date : Event & Entertainments","4.9","(33)","Event planner","·","127-A printers Nagaer Sitabari, Tonk Road, Sanganer Jaipur","Open","· Closes 5 pm","·","093522 22282","","","Directions","","","""Hygiene maintained perfectly""","","","https://ssl.gstatic.com/local/servicebusiness/default_user.png",""
"https://www.google.com/maps/place/Dgozar+Events+%26+Management/data=!4m7!3m6!1s0x396db5867bcfdc3b:0xaef215490f8b2f34!8m2!3d26.8536114!4d75.7701754!16s%2Fg%2F11l73g44g3!19sChIJO9zPe4a1bTkRNC-LD0kV8q4?authuser=0&hl=en&rclk=1","Dgozar Events & Management","Dgozar Events & Management","5.0","(42)","Wedding planner","·","Getraise Pvt. Ltd, First floor, 70/38, Patel Marg","·","Open","","089558 58186","https://dgozarevents.com/","","Website","","Directions","On-site services","·","Online appointments","","· Closes 6 pm"
"https://www.google.com/maps/place/Shree+Ji+Wedding+Event+Planner/data=!4m7!3m6!1s0x396db563e1ad149d:0x76491da00d403a23!8m2!3d26.8451114!4d75.7639029!16s%2Fg%2F11lmlw7h28!19sChIJnRSt4WO1bTkRIzpADaAdSXY?authuser=0&hl=en&rclk=1","Shree Ji Wedding Event Planner","Shree Ji Wedding Event Planner","5.0","(2)","Wedding service","·","Bahaman ki Thadi Chouhara, Iskcon Rd","Open 24 hours","","·","093142 06370","","","Directions","","","""Good working your decoration""","","","https://ssl.gstatic.com/local/servicebusiness/default_user.png",""
"https://www.google.com/maps/place/Eva+sky+Events+and+Hospitality./data=!4m7!3m6!1s0x396dc9001acd716f:0xfcef470c0aa65190!8m2!3d26.7997118!4d75.8165355!16s%2Fg%2F11x033txwx!19sChIJb3HNGgDJbTkRkFGmCgxH7_w?authuser=0&hl=en&rclk=1","Eva sky Events and Hospitality.","Eva sky Events and Hospitality.","5.0","(94)","Event planner","·","86/156 sector 8 pratap nagar sanganer jaipur Near gopinath namkin bhandar sector 8","·","Open","","083026 44929","https://www.instagram.com/evaskyevents?igsh=MXhrMXFydDFsOGV1bQ==&utm_source=qr","","Website","","Directions","On-site services","·","Online appointments","","· Closes 9 pm"
"https://www.google.com/maps/place/ASJ+Planner+%26+Designer-+Luxury+Wedding+Planner+in+Jaipur/data=!4m7!3m6!1s0x396db53a8c525989:0xabe07287a7c0e523!8m2!3d26.8357308!4d75.7526595!16s%2Fg%2F11ysn433bc!19sChIJiVlSjDq1bTkRI-XAp4dy4Ks?authuser=0&hl=en&rclk=1","ASJ Planner & Designer- Luxury Wedding Planner in Jaipur","ASJ Planner & Designer- Luxury Wedding Planner in Jaipur","5.0","(2)","Wedding planner","·","plot no 16, Ground floor, Radha Nikunj B Behind VPM Garden, Kharbas Circle, Muhana Rd","·","Open","","078912 31555","https://www.ankitasomaanijain.com/","","Website","","Directions","On-site services","·","Online appointments","","· Closes 8 pm"
"https://www.google.com/maps/place/Navaratan+Events+and+Production/data=!4m7!3m6!1s0x396dc9ca3e609f7f:0xda5e25e500463272!8m2!3d26.7997643!4d75.8189111!16s%2Fg%2F11njml0qlp!19sChIJf59gPsrJbTkRcjJGAOUlXto?authuser=0&hl=en&rclk=1","Navaratan Events and Production","Navaratan Events and Production","5.0","(13)","Event planner","·","102/1","Open","· Closes 10 pm","·","080943 39494","","","Directions","","","""Their work was very professional, well-organized, and beautifully managed.""","","","https://ssl.gstatic.com/local/servicebusiness/default_user.png",""
"https://www.google.com/maps/place/SK+JAIPUR+DECORATION+-+Event+Management+Service/data=!4m7!3m6!1s0x396db557aba5314d:0x623cc834b475e1f!8m2!3d26.872329!4d75.749119!16s%2Fg%2F11vd3f5jgr!19sChIJTTGlq1e1bTkRH15HS4PMIwY?authuser=0&hl=en&rclk=1","SK JAIPUR DECORATION - Event Management Service","SK JAIPUR DECORATION - Event Management Service","5.0","(13)","Event management company","·","6D colour saini Marg","Open 24 hours","·","","096607 86457","https://www.google.com/aclk?sa=L&ai=DChsSEwjOgorBzfyVAxUyNYMDHbF9Kr8YACICCAEQCRoCc2Y&co=1&ase=2&gclid=CjwKCAjwj7HTBhBiEiwA8s35On5dCBRT77N90iHQABrwgzWLeNN5Wfv-vyzqIU0G-CGLJTL__IFlxhoCa9AQAvD_BwE&cid=CAAS0wHkaGo-6B8FoyZ2gge9dknFL-SxZQHCsejCUaiELHJdLpe8gjq7PhJnsMUjB6MM6yZ2rK5y2AgZOMOIww8mDwG8qfd5LNnKA2u8kczW3h6hemvOL8tKgCBE-UqE4a8MUDJweHA8_kXiXGGQ6QCtkOBXAvLIbypPgnanEe4PVH-FEhKVc8pA8piy_JI1h7cr7_v0cq36uj2SzibrqAnrYhg52pHb9kgiKyY_Hsaa8xGuV06MA3qJ51VnSJ0LuKoYrvvCHNSeLLjKId13o0xLHK9OnEmE&cce=2&category=acrcp_v1_32&sig=AOD64_3JMnxOaK7sl3jBjgl9WG91WMxo_A&adurl&q&ctype=99&nis=6","","Website","","Directions","","","","",""
"https://www.google.com/maps/place/Balloon+bazar/data=!4m7!3m6!1s0x396db55daa8e10d5:0x6f0819ccd2dd07b4!8m2!3d26.866279!4d75.763372!16s%2Fg%2F11mzg2rx4h!19sChIJ1RCOql21bTkRtAfd0swZCG8?authuser=0&hl=en&rclk=1","Balloon bazar","Balloon bazar","5.0","(12)","Balloon artist","·","Rajat Path","Open 24 hours","·","","073576 26739","https://www.google.com/aclk?sa=L&ai=DChsSEwjOgorBzfyVAxUyNYMDHbF9Kr8YACICCAEQAxoCc2Y&co=1&ase=2&gclid=CjwKCAjwj7HTBhBiEiwA8s35Oo63AyqSAYKwkjdcc7gGeNpbcS0RtIbQwT518QFS_qpwEsV5qCAwDhoC91cQAvD_BwE&cid=CAAS0wHkaGo-6B8FoyZ2gge9dknFL-SxZQHCsejCUaiELHJdLpe8gjq7PhJnsMUjB6MM6yZ2rK5y2AgZOMOIww8mDwG8qfd5LNnKA2u8kczW3h6hemvOL8tKgCBE-UqE4a8MUDJweHA8_kXiXGGQ6QCtkOBXAvLIbypPgnanEe4PVH-FEhKVc8pA8piy_JI1h7cr7_v0cq36uj2SzibrqAnrYhg52pHb9kgiKyY_Hsaa8xGuV06MA3qJ51VnSJ0LuKoYrvvCHNSeLLjKId13o0xLHK9OnEmE&cce=2&category=acrcp_v1_32&sig=AOD64_141ErKKUsgt6DCu9ViuQ3NylGW0A&adurl&q&ctype=99&nis=6","","Website","","Directions","","","","",""
"https://www.google.com/maps/place/Show+elite+event/data=!4m7!3m6!1s0x396db5f321f57c0d:0x1753566c62b49a39!8m2!3d26.8386015!4d75.7639234!16s%2Fg%2F11l73z04b8!19sChIJDXz1IfO1bTkROZq0YmxWUxc?authuser=0&hl=en&rclk=1","Show elite event","Show elite event","5.0","(3)","Wedding planner","·","B, 422","Open","· Closes 7 pm","·","070231 07836","","","Directions","","","""Excellent services and decoration with reasonable price.""","","","https://ssl.gstatic.com/local/servicebusiness/default_user.png",""
"https://www.google.com/maps/place/Srisay+Events+-+Wedding+%26+Event+Planner+in+Jaipur/data=!4m7!3m6!1s0x396db59545e57493:0x976deae11f7b57f8!8m2!3d26.8465446!4d75.7620842!16s%2Fg%2F11xthnjmdm!19sChIJk3TlRZW1bTkR-Fd7H-HqbZc?authuser=0&hl=en&rclk=1","Srisay Events - Wedding & Event Planner in Jaipur · Visited link","Srisay Events - Wedding & Event Planner in Jaipur","5.0","(4)","Event planner","·","","","Open 24 hours","","","https://srisay-events.grexa.site/","","Website","","Directions","On-site services","","","",""
"https://www.google.com/maps/place/JMD+EVENT%27S+PLANNER/data=!4m7!3m6!1s0x396db5d47d03e7b5:0x50a49d6a693486ea!8m2!3d26.8406457!4d75.7511509!16s%2Fg%2F11yjv92jhq!19sChIJtecDfdS1bTkR6oY0aWqdpFA?authuser=0&hl=en&rclk=1","JMD EVENT'S PLANNER","JMD EVENT'S PLANNER","5.0","(22)","Event planner","·","B-31 Vidhansabha road Dholai","","Open","","","https://jmdeventplanner.com/","","Website","","Directions","""They understood and delivered your dream design and theme .""","","","https://ssl.gstatic.com/local/servicebusiness/default_user.png","· Closes 6 pm"
"https://www.google.com/maps/place/Sneh+Milan+Events+%E2%80%93+Best+Event+Management+Company+in+Jaipur/data=!4m7!3m6!1s0x396db589deb48e01:0x9e8f252c0a1e4e9e!8m2!3d26.8332958!4d75.7524481!16s%2Fg%2F11shcyx7v5!19sChIJAY603om1bTkRnk4eCiwlj54?authuser=0&hl=en&rclk=1","Sneh Milan Events – Best Event Management Company in Jaipur","Sneh Milan Events – Best Event Management Company in Jaipur","4.8","(13)","Event planner","·","5th Floor, 507, VPM Co Working, near Diva Hospital","·","Open 24 hours","","070144 24062","https://snehmilanevents.in/","","Website","","Directions","On-site services","·","Online appointments","",""
"https://www.google.com/maps/place/Anchor+Pradeep+Chandnani/data=!4m7!3m6!1s0x396db5552731b5e3:0x99aa78ed98295a6d!8m2!3d26.8354942!4d75.7733169!16s%2Fg%2F11h3cnrrjp!19sChIJ47UxJ1W1bTkRbVopmO14qpk?authuser=0&hl=en&rclk=1","Anchor Pradeep Chandnani","Anchor Pradeep Chandnani","5.0","(59)","Event planner","·","5/290","Open 24 hours","","·","083860 13207","","","Directions","","","""His energy and audience engagement was phenomenal.""","","","https://ssl.gstatic.com/local/servicebusiness/default_user.png",""
"https://www.google.com/maps/place/Rang+Birangi+Rasmein+wedding+planners/data=!4m7!3m6!1s0x396db596c8cb6fd3:0xb72cb11042165690!8m2!3d26.8411887!4d75.7725907!16s%2Fg%2F11vq05gqcx!19sChIJ02_LyJa1bTkRkFYWQhCxLLc?authuser=0&hl=en&rclk=1","Rang Birangi Rasmein wedding planners","Rang Birangi Rasmein wedding planners","5.0","(20)","Event planner","·","Cbc-10, The Untold Stories, above The untold stories cafe, Vikramaditya Marg","Open 24 hours","","·","080055 41385","","","Directions","","","On-site services","·","Online appointments","",""
"https://www.google.com/maps/place/Roshan+Events+Jaipur+-+Best+Event+Management+%7C+Best+Wedding+Planner+In+Jaipur/data=!4m7!3m6!1s0x396db71dd4cc5a2d:0xd101edd5e555dec7!8m2!3d26.8507522!4d75.7911892!16s%2Fg%2F11vrwv577z!19sChIJLVrM1B23bTkRx95V5dXtAdE?authuser=0&hl=en&rclk=1","Roshan Events Jaipur - Best Event Management | Best Wedding Planner In Jaipur","Roshan Events Jaipur - Best Event Management | Best Wedding Planner In Jaipur","4.8","(80)","Wedding planner","·","Pk studio, Dalda Factory","·","Open 24 hours","","095878 08416","https://wa.me/919587808416?text=Hi","","Website","","Directions","On-site services","·","Online appointments","",""
"https://www.google.com/maps/place/Aakriti+Events/data=!4m7!3m6!1s0x396db53295fe7969:0xdf05e93e4108266a!8m2!3d26.8543525!4d75.7615375!16s%2Fg%2F11w3qkgtn5!19sChIJaXn-lTK1bTkRaiYIQT7pBd8?authuser=0&hl=en&rclk=1","Aakriti Events","Aakriti Events","5.0","(17)","Event planner","·","82/35, Arawali Marg","·","Open 24 hours","","096499 04951","https://aakritievents.com/","","Website","","Directions","Online appointments","·","On-site services not available","",""
"https://www.google.com/maps/place/All+About+Celebration+Events/data=!4m7!3m6!1s0x396dcb235da10815:0xbdd1b31694f47ba8!8m2!3d26.8250632!4d75.7913006!16s%2Fg%2F11tmhqymdd!19sChIJFQihXSPLbTkRqHv0lBaz0b0?authuser=0&hl=en&rclk=1","All About Celebration Events","All About Celebration Events","4.8","(74)","Event management company","·","92","Open 24 hours","","·","090018 34949","","","Directions","","","""They truly exceeded all expectations and turned our vision into reality.""","","","https://ssl.gstatic.com/local/servicebusiness/default_user.png",""
"https://www.google.com/maps/place/The+Radhakrishnam+Event+Planner/data=!4m7!3m6!1s0xbf97588c5964397:0xf17fe2ec95fac7f5!8m2!3d26.8635563!4d75.7717303!16s%2Fg%2F11w2gmgckm!19sChIJl0OWxYh1-QsR9cf6lezif_E?authuser=0&hl=en&rclk=1","The Radhakrishnam Event Planner","The Radhakrishnam Event Planner","5.0","(119)","Wedding planner","·","78/8, Arawali Marg","Open","· Closes 10 pm","·","089558 83427","","","Directions","","","""They turned our vision into a reality that exceeded our wildest dreams!""""","","","https://ssl.gstatic.com/local/servicebusiness/default_user.png",""
"https://www.google.com/maps/place/The+Silver+Thread+Events/data=!4m7!3m6!1s0x396db50013034d71:0xdd5c5e2124182c50!8m2!3d26.8361569!4d75.7638893!16s%2Fg%2F11ypgbjwlm!19sChIJcU0DEwC1bTkRUCwYJCFeXN0?authuser=0&hl=en&rclk=1","The Silver Thread Events","The Silver Thread Events","5.0","(4)","Event management company","·","Shop no.2, Prithivi tower","Open","· Closes 8 pm","·","088244 54873","","","Directions","","","""Thank you for turning our special day into an unforgettable memory.""","","","https://ssl.gstatic.com/local/servicebusiness/default_user.png",""
"https://www.google.com/maps/place/The+Wedding+Company/data=!4m7!3m6!1s0x396db558f5c4e3af:0x612c0b984147196!8m2!3d26.8456758!4d75.7638043!16s%2Fg%2F11vm6vy0ly!19sChIJr-PE9Vi1bTkRlnEUhLnAEgY?authuser=0&hl=en&rclk=1","The Wedding Company","The Wedding Company","5.0","(30)","Wedding planner","·","Creware Coworks , 4th Floor, Business Park Near Khatu Shyam ji temple , Isckon Road, New, New Sanganer Rd","·","Open","","088840 90499","https://www.theweddingcompany.com/?source=gmaps-jaipur","","Website","","Directions","On-site services","·","Online appointments","","· Closes 8 pm"
"https://www.google.com/maps/place/Royal+Event+Decoration/data=!4m7!3m6!1s0x396dcbec1caa36b1:0xe0d6b660b243ab18!8m2!3d26.8117336!4d75.7852405!16s%2Fg%2F11yzvhmybt!19sChIJsTaqHOzLbTkRGKtDsmC21uA?authuser=0&hl=en&rclk=1","Royal Event Decoration","Royal Event Decoration","5.0","(3)","Wedding planner","","","","Open","","","https://www.instagram.com/royal.event.decoration?igsh=ajF1bTlhMWRiZmZs","","Website","","Directions","","","","","· Closes 5 pm"
"https://www.google.com/maps/place/Balaji+Events/data=!4m7!3m6!1s0x396dcb000ef6dc8d:0x700129c190bed620!8m2!3d26.803358!4d75.7786742!16s%2Fg%2F11z8mm71qk!19sChIJjdz2DgDLbTkRINa-kMEpAXA?authuser=0&hl=en&rclk=1","Balaji Events","Balaji Events","5.0","(2)","Event planner","","·","Open 24 hours","","","086191 33455","","","Directions","","","","","","",""
"https://www.google.com/maps/place/Sangeeta+events+Mansrover+jaipur/data=!4m7!3m6!1s0x396db500539b2327:0x7478a9b06d2c0c69!8m2!3d26.8315455!4d75.7630248!16s%2Fg%2F11ydq2p53r!19sChIJJyObUwC1bTkRaQwsbbCpeHQ?authuser=0&hl=en&rclk=1","Sangeeta events Mansrover jaipur","Sangeeta events Mansrover jaipur","5.0","(2)","Event planner","·","Vinayak Rd","Open","· Closes 9 pm","","","","","Directions","","","""Amazing event management""","","","https://ssl.gstatic.com/local/servicebusiness/default_user.png",""
"https://www.google.com/maps/place/Pratha+Events+%7C+Best+Event+Management+Company+in+Jaipur+%7C+Wedding+Planner+in+jaipur/data=!4m7!3m6!1s0x396db56bc981a001:0xa5dd14a5ae7f64e2!8m2!3d26.8690949!4d75.7462147!16s%2Fg%2F11vxpg6wnl!19sChIJAaCByWu1bTkR4mR_rqUU3aU?authuser=0&hl=en&rclk=1","Pratha Events | Best Event Management Company in Jaipur | Wedding Planner in jaipur","Pratha Events | Best Event Management Company in Jaipur | Wedding Planner in jaipur","5.0","(29)","Event management company","·","Y-17","·","Open 24 hours","","086966 07292","https://www.instagram.com/pratha_events_/?hl=en","","Website","","Directions","""They listened to what we wanted and worked within our budget.""","","","https://ssl.gstatic.com/local/servicebusiness/default_user.png",""
"https://www.google.com/maps/place/Eelegant+Events/data=!4m7!3m6!1s0x396db4645b2320bf:0x2f8c32a5ad9bcab0!8m2!3d26.8715812!4d75.759692!16s%2Fg%2F1vr3bkz3!19sChIJvyAjW2S0bTkRsMqbraUyjC8?authuser=0&hl=en&rclk=1","Eelegant Events","Eelegant Events","4.9","(46)","Event planner","·","33/15, Swarn Path","·","Open","","095295 66660","http://eelegantevents.in/","","Website","","Directions","On-site services","·","Online appointments","","· Closes 9 pm"
"https://www.google.com/maps/place/Dezire+Event/data=!4m7!3m6!1s0x396db5a417f18909:0xd7af3d84a7bb319b!8m2!3d26.8538649!4d75.7670824!16s%2Fg%2F11cndc3f2g!19sChIJCYnxF6S1bTkRmzG7p4Q9r9c?authuser=0&hl=en&rclk=1","Dezire Event","Dezire Event","4.4","(14)","Event planner","·","Dev Godha, 602, 6th Floor, Okay Plus Square Mall, Madhyam Marg, Patel Marg","·","Open","","087691 11119","http://www.dezireevent.com/","","Website","","Directions","On-site services","·","Online appointments","","· Closes 5 pm"
"https://www.google.com/maps/place/Saugaat+by+mehta+events/data=!4m7!3m6!1s0x396db52cf9b187f3:0x6322c445ed4258cd!8m2!3d26.8796587!4d75.7737968!16s%2Fg%2F11gxs08j_l!19sChIJ84ex-Sy1bTkRzVhC7UXEImM?authuser=0&hl=en&rclk=1","Saugaat by mehta events","Saugaat by mehta events","4.8","(192)","Event planner","·","284 a, behind somani hospital","Open 24 hours","","","","","","Directions","","","On-site services","·","Online appointments","",""
"https://www.google.com/maps/place/Surprise+Culture+-+Surprise+Event+Planner/data=!4m7!3m6!1s0x396db513c2df8083:0x96d67a1d31e73ba9!8m2!3d26.8811787!4d75.7829704!16s%2Fg%2F11nl9j3hc8!19sChIJg4DfwhO1bTkRqTvnMR161pY?authuser=0&hl=en&rclk=1","Surprise Culture - Surprise Event Planner","Surprise Culture - Surprise Event Planner","5.0","(277)","Event planner","·","A1","·","Open 24 hours","","083021 25569","https://www.surpriseculture.in/","","Website","","Directions","""They handled every detail of our wedding with grace and precision.""","","","https://ssl.gstatic.com/local/servicebusiness/default_user.png",""
"https://www.google.com/maps/place/SK+JAIPUR+DECORATION+-+Event+Management+Service/data=!4m7!3m6!1s0x396db557aba5314d:0x623cc834b475e1f!8m2!3d26.872329!4d75.749119!16s%2Fg%2F11vd3f5jgr!19sChIJTTGlq1e1bTkRH15HS4PMIwY?authuser=0&hl=en&rclk=1","SK JAIPUR DECORATION - Event Management Service","SK JAIPUR DECORATION - Event Management Service","5.0","(13)","Event management company","·","6D colour saini Marg","Open 24 hours","·","","096607 86457","https://www.google.com/aclk?sa=L&ai=DChsSEwiPw53pzfyVAxXZ0jwCHXEBF1cYACICCAEQCBoCc2Y&co=1&ase=2&gclid=CjwKCAjwj7HTBhBiEiwA8s35OgU3NqCLqQRTqmrQHwHhgw6rhjwJMKQEwsYVABK5SM9uvsUZXs4QOhoCwtMQAvD_BwE&cid=CAAS0wHkaEKGF9ahAkbV_VUyDxkTsh-Vx24Qvkcq5sQPSbOzYtBMvFW59cylKWvzNfjg7w_x94UlRl9Q56KnoTSNyF66ZbkO7AUokmoi1Voh7z_4NOasj9WB2NNYcjOahIVXCw6b1XeixrQJJ5pwkkgswFIHOYIW7az3kBD4zLFH5RoJu68YPdQhl19ZgO2v8FyYymG7-j-Z3-__KjmUwpxfNDHCXUNMcflJya44W9iMY79TIBbTdJoK4brekJRv5M2hYIdbtVmtLOJ-6-KeJ7u4XMHYoWv8&cce=2&category=acrcp_v1_32&sig=AOD64_14zjvux6s4h8eqlPzcXLxZl6J89A&adurl&q&ctype=99&nis=6","","Website","","Directions","","","","",""
"https://www.google.com/maps/place/Balloon+bazar/data=!4m7!3m6!1s0x396db55daa8e10d5:0x6f0819ccd2dd07b4!8m2!3d26.866279!4d75.763372!16s%2Fg%2F11mzg2rx4h!19sChIJ1RCOql21bTkRtAfd0swZCG8?authuser=0&hl=en&rclk=1","Balloon bazar","Balloon bazar","5.0","(12)","Balloon artist","·","Rajat Path","Open 24 hours","·","","073576 26739","https://www.google.com/aclk?sa=L&ai=DChsSEwiPw53pzfyVAxXZ0jwCHXEBF1cYACICCAEQBBoCc2Y&co=1&ase=2&gclid=CjwKCAjwj7HTBhBiEiwA8s35OmPwifAIhKrQvAjB72EWRTfXlVQBdpHAXxlvWm3iJBSl6DxpBXv6eBoCzyoQAvD_BwE&cid=CAAS0wHkaEKGF9ahAkbV_VUyDxkTsh-Vx24Qvkcq5sQPSbOzYtBMvFW59cylKWvzNfjg7w_x94UlRl9Q56KnoTSNyF66ZbkO7AUokmoi1Voh7z_4NOasj9WB2NNYcjOahIVXCw6b1XeixrQJJ5pwkkgswFIHOYIW7az3kBD4zLFH5RoJu68YPdQhl19ZgO2v8FyYymG7-j-Z3-__KjmUwpxfNDHCXUNMcflJya44W9iMY79TIBbTdJoK4brekJRv5M2hYIdbtVmtLOJ-6-KeJ7u4XMHYoWv8&cce=2&category=acrcp_v1_32&sig=AOD64_2uKyA0tjm1bjXiXFr8vasdlUWyUg&adurl&q&ctype=99&nis=6","","Website","","Directions","","","","",""
"https://www.google.com/maps/place/Banwari+events+jaipur/data=!4m7!3m6!1s0x396dc99ee6fca021:0xd141d3f5c92e8793!8m2!3d26.8084134!4d75.8123032!16s%2Fg%2F11v0vm9tt8!19sChIJIaD85p7JbTkRk4cuyfXTQdE?authuser=0&hl=en&rclk=1","Banwari events jaipur","Banwari events jaipur","5.0","(25)","Event planner","·","76, Sheopur Rd","Open 24 hours","","·","070141 07709","","","Directions","","","""Nice work by banwari events""","","","https://ssl.gstatic.com/local/servicebusiness/default_user.png",""
"https://www.google.com/maps/place/KS+Event+%26+wedding+planner/data=!4m7!3m6!1s0x396db550ef987eed:0xf4cde70779349e3c!8m2!3d26.8268867!4d75.7734667!16s%2Fg%2F11l25qxzmz!19sChIJ7X6Y71C1bTkRPJ40eQfnzfQ?authuser=0&hl=en&rclk=1","KS Event & wedding planner","KS Event & wedding planner","5.0","(9)","Event planner","·","Plot no 52","Open 24 hours","","·","089630 66272","","","Directions","","","""best event planner in jaipur""","","","https://ssl.gstatic.com/local/servicebusiness/default_user.png",""
"https://www.google.com/maps/place/Jaipur+Events+%26+Decor/data=!4m7!3m6!1s0x396db5094e3ac091:0x48ff0ffc6ae257c0!8m2!3d26.8870232!4d75.761633!16s%2Fg%2F11w7m4t1_j!19sChIJkcA6Tgm1bTkRwFfiavwP_0g?authuser=0&hl=en&rclk=1","Jaipur Events & Decor","Jaipur Events & Decor","4.9","(12)","Wedding service","·","484, New Sanganer Rd","·","Open 24 hours","","096943 86567","https://www.jaipurevents.in/","","Website","","Directions","""🎉 Jaipur Events & Décor delivered top-class service with flawless execution.""","","","https://ssl.gstatic.com/local/servicebusiness/default_user.png",""
"https://www.google.com/maps/place/Kaarwaan+Events/data=!4m7!3m6!1s0x396db5a1cf4211fd:0x94f74d36beb3cf6!8m2!3d26.8498569!4d75.7796286!16s%2Fg%2F11wb1537kv!19sChIJ_RFCz6G1bTkR9jzra9N0Twk?authuser=0&hl=en&rclk=1","Kaarwaan Events","Kaarwaan Events","4.9","(50)","Event planner","·","Bagda's (196","·","Open","","095082 08745","https://www.kaarwaan.co/","","Website","","Directions","""From start to finish, every detail was flawless and stress-free.""","","","https://ssl.gstatic.com/local/servicebusiness/default_user.png","· Closes 5 pm"
"https://www.google.com/maps/place/Gala+Events+%26+Studios/data=!4m7!3m6!1s0x396db51933d7de43:0x381d4548ad0df754!8m2!3d26.8257792!4d75.7523592!16s%2Fg%2F11h55lw_f5!19sChIJQ97XMxm1bTkRVPcNrUhFHTg?authuser=0&hl=en&rclk=1","Gala Events & Studios","Gala Events & Studios","5.0","(3)","Wedding planner","·","Shop no.13 balaji nagar, Muhana Mandi Rd, opposite Balaji Paradise","Open","· Closes 8 pm","·","095302 99223","","","Directions","","","""Amazing work""","","","https://ssl.gstatic.com/local/servicebusiness/default_user.png",""
"https://www.google.com/maps/place/Neha%E2%80%99s+Evento+Media+Services+Pvt.+Ltd./data=!4m7!3m6!1s0x396db139c63aaaa9:0x76c6d27637530485!8m2!3d26.8637166!4d75.7959765!16s%2Fg%2F11bzz3cn33!19sChIJqao6xjmxbTkRhQRTN3bSxnY?authuser=0&hl=en&rclk=1","Neha’s Evento Media Services Pvt. Ltd.","Neha’s Evento Media Services Pvt. Ltd.","4.7","(121)","Event planner","·","516,sunny paradise, near kamal and company tonk road jaipur S-3, Meera Patrakar colony Mansarovar Gopalpura, Tonk Rd","·","Open","","099289 53600","https://nehas-evento-media.grexa.site/","","Website","","Directions","On-site services","·","Online appointments","","· Closes 7 pm"
"https://www.google.com/maps/place/Festal+Events+LLP/data=!4m7!3m6!1s0x396db69cf2cf1e91:0xdd0f0378b171145!8m2!3d26.8796812!4d75.7789419!16s%2Fg%2F11b8075vb9!19sChIJkR7P8py2bTkRRREXizfw0A0?authuser=0&hl=en&rclk=1","Festal Events LLP","Festal Events LLP","4.7","(196)","Wedding planner","·","·","C-334, 80 Feet Rd","Open 24 hours","·","087400 55114","https://festalevents.com/","","Website","","Directions","On-site services","·","Online appointments","",""
"https://www.google.com/maps/place/Sanwriya+Dj+%26+Event%27s/data=!4m7!3m6!1s0x396dcb007b553651:0x5a07ede3106c1658!8m2!3d26.8112484!4d75.7840305!16s%2Fg%2F11x_p25v0m!19sChIJUTZVewDLbTkRWBZsEOPtB1o?authuser=0&hl=en&rclk=1","Sanwriya Dj & Event's","Sanwriya Dj & Event's","5.0","(29)","Wedding planner","·","·","77 Raigro ka bada mohhla, 302029","Open 24 hours","","","https://www.instagram.com/sanwariya_dj_events?igsh=dGk0a3poaWg2eXp0","","Website","","Directions","""Amazing service and the sound quality is very good""","","","https://ssl.gstatic.com/local/servicebusiness/default_user.png",""
"https://www.google.com/maps/place/N+G+Tent+House+%26+Event/data=!4m7!3m6!1s0x396db5ee1386f529:0xfa38d1f2ba62082d!8m2!3d26.8387546!4d75.7600035!16s%2Fg%2F11twfmp8hm!19sChIJKfWGE-61bTkRLQhiuvLROPo?authuser=0&hl=en&rclk=1","N G Tent House & Event","N G Tent House & Event","4.5","(8)","Event planner","·","07, Shiv Shakti Nagar, Iskcon Rd","Open","· Closes 9 pm","·","070143 11156","","","Directions","","","""Excellent services""","","","https://ssl.gstatic.com/local/servicebusiness/default_user.png",""
"https://www.google.com/maps/place/COSMICAL+EVENT+PLANNERS+PRIVATE+LIMITED/data=!4m7!3m6!1s0x396db50d701921c3:0x40b56efffcea663b!8m2!3d26.8807811!4d75.75357!16s%2Fg%2F11mdhn3f6g!19sChIJwyEZcA21bTkRO2bq_P9utUA?authuser=0&hl=en&rclk=1","COSMICAL EVENT PLANNERS PRIVATE LIMITED","COSMICAL EVENT PLANNERS PRIVATE LIMITED","4.7","(15)","Event planner","·","·","131, Gopalpura Bypass Rd, near Mansarovar Metro station","Open","·","099299 25236","https://cosmicalevents.in/","","Website","","Directions","On-site services","·","Online appointments","","· Closes 7 pm"
"https://www.google.com/maps/place/Archi+Events-+Best+Event+Management+Company+in+Jaipur/data=!4m7!3m6!1s0x396db5bee40e5223:0x905b9621895423b6!8m2!3d26.8687136!4d75.7867724!16s%2Fg%2F11h6v8pvd1!19sChIJI1IO5L61bTkRtiNUiSGWW5A?authuser=0&hl=en&rclk=1","Archi Events- Best Event Management Company in Jaipur","Archi Events- Best Event Management Company in Jaipur","4.7","(74)","Event management company","·","68, Gopalpura Bypass Rd, near Triveni Chauraha","·","Open","","080057 98941","https://archievents.in/event-management-company-in-jaipur/","","Website","","Directions","On-site services","·","Online appointments","","· Closes 10 pm"
"https://www.google.com/maps/place/Adorable+Event/data=!4m7!3m6!1s0x396db52a5636f861:0x9237e8562263bcbb!8m2!3d26.8697266!4d75.7968439!16s%2Fg%2F11y66ywk6y!19sChIJYfg2Viq1bTkRu7xjIlboN5I?authuser=0&hl=en&rclk=1","Adorable Event","Adorable Event","4.8","(63)","Event planner","·","Shop 9, First Floor, Shubham Garments, Tonk Rd, opp. glass factory","·","Open","","090790 95575","https://adorableevent.in/","","Website","","Directions","On-site services","","","","· Closes 10 pm"
"https://www.google.com/maps/place/Pinkcity+Events/data=!4m7!3m6!1s0x396db7321694b035:0x7835b45610e49503!8m2!3d26.841149!4d75.8275982!16s%2Fg%2F11jvhgbw6y!19sChIJNbCUFjK3bTkRA5XkEFa0NXg?authuser=0&hl=en&rclk=1","Pinkcity Events","Pinkcity Events","4.9","(170)","Event planner","·","B-21, Ganesh Vihar St","·","Open 24 hours","","096724 40072","https://sites.google.com/view/pinkcity-eventsjpr/","","Website","","Directions","""Excellent decoration by Team""","","","https://ssl.gstatic.com/local/servicebusiness/default_user.png",""
"https://www.google.com/maps/place/Wedding+FlowTaal+-+Choreogrpaher/data=!4m7!3m6!1s0x396dcb90c94455db:0x8546ceab9e933907!8m2!3d26.811288!4d75.8030388!16s%2Fg%2F11z40lbd5x!19sChIJ21VEyZDLbTkRBzmTnqvORoU?authuser=0&hl=en&rclk=1","Wedding FlowTaal - Choreogrpaher","Wedding FlowTaal - Choreogrpaher","5.0","(3)","Event management company","·","near pinjrapol ghosala","Open 24 hours","","·","080586 66349","","","Directions","","","""Best ladies sangeet Choreographer""","","","https://ssl.gstatic.com/local/servicebusiness/default_user.png",""
"https://www.google.com/maps/place/The+Glory+Events/data=!4m7!3m6!1s0x396db57ba0a73339:0x435787493243d874!8m2!3d26.8977846!4d75.7707332!16s%2Fg%2F11fl78drl2!19sChIJOTOnoHu1bTkRdNhDMkmHV0M?authuser=0&hl=en&rclk=1","The Glory Events","The Glory Events","4.9","(55)","Event planner","·","·","metro pillar, 38, Shyam Nagar, 120, New Sanganer Rd","Open","·","097999 99109","https://thegloryevent.com/","","Website","","Directions","On-site services","·","Online appointments","","· Closes 9 pm"
"https://www.google.com/maps/place/Shaandaar+Events+%7C+Best+Wedding+Planner+in+Jaipur/data=!4m7!3m6!1s0x396db58ea4b6a71b:0x86b7858c392fc316!8m2!3d26.896055!4d75.739239!16s%2Fg%2F11t2z2nshf!19sChIJG6e2pI61bTkRFsMvOYyFt4Y?authuser=0&hl=en&rclk=1","Shaandaar Events | Best Wedding Planner in Jaipur","Shaandaar Events | Best Wedding Planner in Jaipur","4.9","(130)","Event planner","·","134, Chitrakoot Marg","·","Open 24 hours","","094914 25000","https://shaandaarevents.com/wedding-planner-in-jaipur/","","Website","","Directions","On-site services","·","Online appointments","",""