"hfpxzc href","xxVWCe","MW4etd","UY7F9","W4Efsd","W4Efsd 2","W4Efsd 3","W4Efsd 4","W4Efsd 5","UsdlK","Cw1rxd","R8c4Qb","doJOZc","W4Efsd 6","W4Efsd 7","Jn12ke src","ah5Ghc","lcr4fd href","Cw1rxd 2","R8c4Qb 2","ah5Ghc 2","ah5Ghc 3"
"","","","","","","","","","","","","","","","","","","","","",""
"","","","","","","","","","","","","","","","","","","","","",""
"https://www.google.com/maps/place/Dr.G.S+SHEKHAWAT/data=!4m7!3m6!1s0x396c4d82e8ca4475:0x45ae756b9c4307db!8m2!3d26.9395043!4d75.7028518!16s%2Fg%2F11jchz49rz!19sChIJdUTK6IJNbDkR2wdDnGt1rkU?authuser=0&hl=en&rclk=1","Dr.G.S SHEKHAWAT","4.0","(3)","Pain management physician","·","9 dukan, Kalwar Rd","Open 24 hours","·","097720 56779","","Directions","","","","","","","","","",""
"https://www.google.com/maps/place/Dr.+Suresh+Nitharwal+-Physician+%26+Diabetologist+Assistant+Professor+Department+of+General+Medicine+SMS+Hospital+Jaipur/data=!4m7!3m6!1s0x396c4d2cd602b459:0xc2319b366c319bad!8m2!3d26.9551408!4d75.6949343!16s%2Fg%2F11vc8kqqk1!19sChIJWbQC1ixNbDkRrZsxbDabMcI?authuser=0&hl=en&rclk=1","Dr. Suresh Nitharwal -Physician & Diabetologist Assistant Professor Department of General Medicine SMS Hospital Jaipur","5.0","(89)","Doctor","·","·","Closed","15,Manglam Marg, Kalwar Rd, near Hotel Krishnam palace","077372 02709","","Directions","","· Opens 4 pm","·","https://ssl.gstatic.com/local/servicebusiness/default_user.png","""Very polite doctor and provides very effective treatment.""","","","","",""
"https://www.google.com/maps/place/Dr.+Ramkesh+Singh+Parmar/data=!4m7!3m6!1s0x396db2d9a422d3a3:0x1c4e343f2322fe36!8m2!3d26.9628006!4d75.7288933!16s%2Fg%2F11f4r0t4xr!19sChIJo9MipNmybTkRNv4iIz80Thw?authuser=0&hl=en&rclk=1","Dr. Ramkesh Singh Parmar","4.8","(214)","Doctor","·","·","Dr. Ramkesh Singh Parmar Ganga Marriage Garden, Niwaru Rd","Open 24 hours","082905 47750","","Website","","·","","","On-site services not available","https://drramkeshparmar.com/","","Directions","",""
"https://www.google.com/maps/place/Dr+Abha+Sharma/data=!4m7!3m6!1s0x396db45a089d72f9:0xbfd1b209d61d7878!8m2!3d26.8907343!4d75.7687!16s%2Fg%2F11fx9488v9!19sChIJ-XKdCFq0bTkReHgd1gmy0b8?authuser=0&hl=en&rclk=1","Dr Abha Sharma","4.9","(436)","Pain management physician","·","·","Advance hospital, metro station, E - 7, New Sanganer Rd, near Vivek Vihar","Closed","087698 90028","","Website","","·","· Opens 9 am","https://ssl.gstatic.com/local/servicebusiness/default_user.png","""Treatment is very good.""","https://drabhasharma.com/","","Directions","",""
"https://www.google.com/maps/place/Dr+Niranjan+Singh+-+MEDIGYNAE+CLINIC/data=!4m7!3m6!1s0x396db32f733afec5:0x8f27b71895ce86d0!8m2!3d26.9424395!4d75.7272774!16s%2Fg%2F11f9_8kv58!19sChIJxf46cy-zbTkR0IbOlRi3J48?authuser=0&hl=en&rclk=1","Dr Niranjan Singh - MEDIGYNAE CLINIC","4.9","(228)","General practitioner","·","·","Marble Mandi Road, C-21, Jan Path, opposite JDA Park","Closed","079766 64252","","Website","","·","· Opens 8 am","https://ssl.gstatic.com/local/servicebusiness/default_user.png","""He takes utmost care in treatment and his clinical diagnosis is very sharp.""","https://medigynaeclinic.co/","","Directions","",""
"https://www.google.com/maps/place/Dr+Ramandeep+kaur/data=!4m7!3m6!1s0x396c4d3fd3182213:0xbcb07fa9c34f1d31!8m2!3d26.9207791!4d75.6861706!16s%2Fg%2F11pyzg2ffr!19sChIJEyIY0z9NbDkRMR1Pw6l_sLw?authuser=0&hl=en&rclk=1","Dr Ramandeep kaur","5.0","(139)","General practitioner","·","·","","Saraswati Vihar, 28, Sirsi Rd","081264 37690","","Directions","","","","https://ssl.gstatic.com/local/servicebusiness/default_user.png","""Dr Raman is a good","","","","physician","with holistic approach to the patient."""
"https://www.google.com/maps/place/Dr+Suresh+Kumar+Yogi+%23Physician,%23Doctor%23Chest+Physician/data=!4m7!3m6!1s0x396c4d3f100714a5:0xc97532910f156cb0!8m2!3d26.9598904!4d75.6958475!16s%2Fg%2F11l83q2sc0!19sChIJpRQHED9NbDkRsGwVD5Eydck?authuser=0&hl=en&rclk=1","Dr Suresh Kumar Yogi #Physician,#Doctor#Chest Physician","5.0","(174)","Doctor","·","Manglam city, B-63, Kalwar Rd","","","090792 56064","","Directions","","","","https://ssl.gstatic.com/local/servicebusiness/default_user.png","""He took time to explain my condition and treatment options clearly.""","","","","",""
"https://www.google.com/maps/place/Dr+T+P+Sharma/data=!4m7!3m6!1s0x396c4cd37c974fdb:0xc82b074867df71ea!8m2!3d26.9501071!4d75.7116437!16s%2Fg%2F11cjkq4vcj!19sChIJ20-XfNNMbDkR6nHfZ0gHK8g?authuser=0&hl=en&rclk=1","Dr T P Sharma","4.6","(39)","Doctor","·","MD Physician, Kardhani Shopping Centre, Dr T P Sharma, A-18, Kalwar Rd","Closed","·","093525 23489","","Directions","","· Opens 9 am","","https://ssl.gstatic.com/local/servicebusiness/default_user.png","""Well experienced and qualified doctor .""","","","","",""
"https://www.google.com/maps/place/Dr+Arun+Sharma+-+MD+Senior+Physician/data=!4m7!3m6!1s0x396db3c0d5b4384b:0xb1d2422976149424!8m2!3d26.9214725!4d75.7427196!16s%2Fg%2F11z00w822y!19sChIJSzi01cCzbTkRJJQUdilC0rE?authuser=0&hl=en&rclk=1","Dr Arun Sharma - MD Senior Physician","4.9","(41)","Doctor","·","Old Thar Hospital, B-7, Sirsi Rd","Closed","","","","Directions","","· Opens 4 pm","","https://ssl.gstatic.com/local/servicebusiness/default_user.png","""He listens patiently and explains every concern with clarity and care.""","","","","",""
"https://www.google.com/maps/place/Dr.+Rishav+Bansal+%28Senior+Citizen+Specialist%2FGeriatric+Physician%29/data=!4m7!3m6!1s0x396db53956760d0d:0x169a5d7915f7a54d!8m2!3d26.9136782!4d75.8014404!16s%2Fg%2F11j2zq66yd!19sChIJDQ12Vjm1bTkRTaX3FXldmhY?authuser=0&hl=en&rclk=1","Dr. Rishav Bansal (Senior Citizen Specialist/Geriatric Physician)","4.9","(593)","Doctor","·","·","Bansal Health Clinic, K23 (Sapphire heritage, Malviya Marg, near Airtel Store","Closed","099689 68360","","Website","","·","· Opens 5:30 pm","https://ssl.gstatic.com/local/servicebusiness/default_user.png","""Your expertise and care has made a huge impact on my family and me.""","https://www.facebook.com/geriatricianinjaipur","","Directions","",""
"https://www.google.com/maps/place/Dr+Vishnu+Gupta/data=!4m7!3m6!1s0x396db53a95d54b81:0x725348efebd81ecd!8m2!3d26.8517559!4d75.7556569!16s%2Fg%2F11r3ym23g1!19sChIJgUvVlTq1bTkRzR7Y6-9IU3I?authuser=0&hl=en&rclk=1","Dr Vishnu Gupta","4.9","(823)","Emergency care physician","·","·","A, Patrakar Colony Rd","","098282 25072","","Website","","","","","On-site services not available","https://www.drvishnugupta.com/","","Directions","",""
"https://www.google.com/maps/place/Dr+Yogendra+Sutrakar/data=!4m7!3m6!1s0x396db33d10f96fe3:0x2a3485c66b58a3d!8m2!3d26.949302!4d75.7120372!16s%2Fg%2F11bw1qbf9g!19sChIJ42_5ED2zbTkRPYq1ZlxIowI?authuser=0&hl=en&rclk=1","Dr Yogendra Sutrakar","4.9","(301)","ENT Specialist","·","·","9, Dukaan Kalwar Rd","Open 24 hours","082332 58687","","Website","","·","","https://ssl.gstatic.com/local/servicebusiness/default_user.png","""Excellent hospital with caring","https://www.sanjeevanienthospital.com/","","Directions","doctors",", supportive staff, and great service."""
"https://www.google.com/maps/place/CM+Child+Hospital+Jhotwara+Jaipur/data=!4m7!3m6!1s0x396db3113a962937:0xd2a6c1acb1b20e2b!8m2!3d26.9454427!4d75.7124961!16s%2Fg%2F11hchzbzt_!19sChIJNymWOhGzbTkRKw6ysazBptI?authuser=0&hl=en&rclk=1","CM Child Hospital Jhotwara Jaipur","4.5","(93)","Pediatrician","·","·","Open 24 hours","13, Kalwar Rd, near 9 Dukan","099508 99549","","Directions","","","·","https://ssl.gstatic.com/local/servicebusiness/default_user.png","""Treatment is very effective.""","","","","",""
"https://www.google.com/maps/place/Dr.+DEVENDRA+GUPTA+-+BEST+PHYSICIAN+IN+JAIPUR/data=!4m7!3m6!1s0x396db3e8f892b7cd:0x18658793d8dd8e61!8m2!3d26.9579245!4d75.7417579!16s%2Fg%2F11s4g12m60!19sChIJzbeS-OizbTkRYY7d2JOHZRg?authuser=0&hl=en&rclk=1","Dr. DEVENDRA GUPTA - BEST PHYSICIAN IN JAIPUR","4.5","(2)","Doctor","·","AARVI HOSPITAL, Niwaru Rd","·","Open 24 hours","094604 63463","","Website","","","","https://ssl.gstatic.com/local/servicebusiness/default_user.png","""Dr Devendra gupta team is very helpfull and professional.""","https://www.eka.care/doctor/devendra-gupta?utm_source=gmb&utm_medium=website&utm_campaign=032023","","Directions","",""
"https://www.google.com/maps/place/Dr.+H+L+Saini+Associate+Professor+SMS+medical+college+jaipur/data=!4m7!3m6!1s0x396db565073fc0e5:0x582a94aaec6ac901!8m2!3d26.8841095!4d75.7530366!16s%2Fg%2F11mw7pyhzv!19sChIJ5cA_B2W1bTkRAclq7KqUKlg?authuser=0&hl=en&rclk=1","Dr. H L Saini Associate Professor SMS medical college jaipur","5.0","(453)","Medical clinic","·","14 A, Bhagwan Path","Closed","·","086196 30817","","Directions","","· Opens 7:30 am","","https://ssl.gstatic.com/local/servicebusiness/default_user.png","""The","","","","doctor","listened patiently and gave the right treatment very satisfied"""
"https://www.google.com/maps/place/Dr+Mohd+Khalid/data=!4m7!3m6!1s0x396db57ac1e573b5:0x3d0ab9885ed83554!8m2!3d26.952933!4d75.7396715!16s%2Fg%2F11rspf51hp!19sChIJtXPlwXq1bTkRVDXYXoi5Cj0?authuser=0&hl=en&rclk=1","Dr Mohd Khalid","5.0","(142)","Doctor","·","FirstMed Clinic Plot no 33, NARAYANPURI-B, 302012, behind Darbar school","Closed","·","078775 39937","","Directions","","· Opens 9 am","","https://ssl.gstatic.com/local/servicebusiness/default_user.png","""Very good diagnosis & affordable price
So all think very good clinc""","","","","",""
"https://www.google.com/maps/place/Dr.Ankur+Arora+Hypertension+and+Diabetes+Clinic/data=!4m7!3m6!1s0x396c4d7bfc05aa89:0x2cb737094b45ba76!8m2!3d26.9515361!4d75.7015296!16s%2Fg%2F11twrv5t8p!19sChIJiaoF_HtNbDkRdrpFSwk3tyw?authuser=0&hl=en&rclk=1","Dr.Ankur Arora Hypertension and Diabetes Clinic","4.7","(23)","Diabetologist","·","·","Open 24 hours","AYUSHMAN HOSPITAL, Kalwar Rd","","","Directions","","","","https://ssl.gstatic.com/local/servicebusiness/default_user.png","""Dr. ANKUR ARORA IS VERY GOOD DIABETOLOGIST.""","","","","",""
"https://www.google.com/maps/place/Dr.+Sumit+Bochiwal/data=!4m7!3m6!1s0x396db37f4fa7182f:0xf3209c2de26089d3!8m2!3d26.9493335!4d75.7117947!16s%2Fg%2F11kb7xnhzy!19sChIJLxinT3-zbTkR04lg4i2cIPM?authuser=0&hl=en&rclk=1","Dr. Sumit Bochiwal","4.3","(15)","General practitioner","·","1, Kalwar Rd","·","Closed","080 4696 1837","","Website","","","· Opens 5:30 am","https://ssl.gstatic.com/local/servicebusiness/default_user.png","""Excellent","https://www.apollo247.com/doctors/dr-Sumit-Bochiwal-7f718e9a-c0a9-4edf-8414-45ca4b6c220e","","Directions","Physician","and Excellent Human Being."""
"https://www.google.com/maps/place/Dr+Avinash+Kulhar+Physician+at+City+Hospital/data=!4m7!3m6!1s0x396db72d3e01812d:0x57539b36d1b8d9!8m2!3d26.9155359!4d75.8105883!16s%2Fg%2F11z8b6ly00!19sChIJLYEBPi23bTkR2bjRNptTVwA?authuser=0&hl=en&rclk=1","Dr Avinash Kulhar Physician at City Hospital","5.0","(12)","Doctor","·","·","S 35- B, Radha Marg, behind raj mandir cinema","Open 24 hours","096807 57462","","Website","","·","","","On-site services","https://cityhospitaljaipur.lovable.app/","","Directions","",""
"https://www.google.com/maps/place/Dr.+Anima+Sharma/data=!4m7!3m6!1s0x396db5d91d09d5bb:0x4ac40e7212562429!8m2!3d26.90343!4d75.7292445!16s%2Fg%2F11pfcgmzfg!19sChIJu9UJHdm1bTkRKSRWEnIOxEo?authuser=0&hl=en&rclk=1","Dr. Anima Sharma","4.9","(73)","Doctor","·","Shalby Multi-Specialty Hospital, Ajmer Expressway 200 Feet Bypass Road, near Gandhi Path","·","Closed","097991 80555","","Website","","","· Opens 10 am","https://ssl.gstatic.com/local/servicebusiness/default_user.png","""Diagnosis, treatment and counseling at excellent levels.""","http://dranimasharma.com/","","Directions","",""
"https://www.google.com/maps/place/Dr.+DEVENDRA+GUPTA+-+BEST+PHYSICIAN+IN+JAIPUR/data=!4m7!3m6!1s0x396db3e8f892b7cd:0x18658793d8dd8e61!8m2!3d26.9579245!4d75.7417579!16s%2Fg%2F11s4g12m60!19sChIJzbeS-OizbTkRYY7d2JOHZRg?authuser=0&hl=en&rclk=1","Dr. DEVENDRA GUPTA - BEST PHYSICIAN IN JAIPUR","4.5","(2)","Doctor","·","AARVI HOSPITAL, Niwaru Rd","·","Open 24 hours","094604 63463","","Website","","","","https://ssl.gstatic.com/local/servicebusiness/default_user.png","""Dr Devendra gupta team is very helpfull and professional.""","https://www.eka.care/doctor/devendra-gupta?utm_source=gmb&utm_medium=website&utm_campaign=032023","","Directions","",""
"https://www.google.com/maps/place/Jaipur+Pet+Hospital/data=!4m7!3m6!1s0x396db32b56099d11:0x55375353e66aa65!8m2!3d26.9453863!4d75.7122106!16s%2Fg%2F11bwh969z8!19sChIJEZ0JViuzbTkRZapmPjV1UwU?authuser=0&hl=en&rclk=1","Jaipur Pet Hospital","4.2","(788)","Animal hospital","·","·","Plot No. 35, Kalwar Rd, opposite CM Child Hospital","Open 24 hours","082392 44888","","Website","","·","","","On-site services","https://www.jaipurpethospital.com/","","Directions","",""
"https://www.google.com/maps/place/Ayu+Health+Hospital/data=!4m7!3m6!1s0x396c4df21cfbad95:0xd8884bc9c6f14874!8m2!3d26.9566225!4d75.6867699!16s%2Fg%2F11kk617b72!19sChIJla37HPJNbDkRdEjxxslLiNg?authuser=0&hl=en&rclk=1","Ayu Health Hospital","5.0","(4)","Surgeon","·","·","Department of General Surgery, EMERGENCY BLOCK, Kalwar Rd","Open 24 hours","0141 493 7433","","Website","","·","","https://ssl.gstatic.com/local/servicebusiness/default_user.png","""Dr.rohit oncologist is good dr.""","https://ayu.health/jaipur/doctors/general-surgeons?utm_source=google&utm_medium=organic&utm_campaign=GMB_jaipur_Hathoj","","Directions","",""
"https://www.google.com/maps/place/Krishna+homeopathic+clinic+-best+homeopathy+Doctor,+Best+homeopathy+clinic+in+Jaipur./data=!4m7!3m6!1s0x396c4d56379994f7:0x8de992231d928e10!8m2!3d26.9559243!4d75.7035084!16s%2Fg%2F11sv1_dz29!19sChIJ95SZN1ZNbDkREI6SHSOS6Y0?authuser=0&hl=en&rclk=1","Krishna homeopathic clinic -best homeopathy Doctor, Best homeopathy clinic in Jaipur.","4.9","(35)","Medical clinic","·","Shop no 10, Govind vihar, Niwaru Link Rd","Closed","·","084410 92933","","Directions","","· Opens 10 am","","https://ssl.gstatic.com/local/servicebusiness/default_user.png","""The doctor is very polite and experienced.""","","","","",""
"https://www.google.com/maps/place/Dr+Abha+Sharma/data=!4m7!3m6!1s0x396db45a089d72f9:0xbfd1b209d61d7878!8m2!3d26.8907343!4d75.7687!16s%2Fg%2F11fx9488v9!19sChIJ-XKdCFq0bTkReHgd1gmy0b8?authuser=0&hl=en&rclk=1","Dr Abha Sharma","4.9","(436)","Pain management physician","·","·","Advance hospital, metro station, E - 7, New Sanganer Rd, near Vivek Vihar","Closed","087698 90028","","Website","","·","· Opens 9 am","https://ssl.gstatic.com/local/servicebusiness/default_user.png","""Treatment is very good.""","https://drabhasharma.com/","","Directions","",""
"https://www.google.com/maps/place/Dr+Arun+Sharma+-+MD+Senior+Physician/data=!4m7!3m6!1s0x396db3c0d5b4384b:0xb1d2422976149424!8m2!3d26.9214725!4d75.7427196!16s%2Fg%2F11z00w822y!19sChIJSzi01cCzbTkRJJQUdilC0rE?authuser=0&hl=en&rclk=1","Dr Arun Sharma - MD Senior Physician","4.9","(41)","Doctor","·","Old Thar Hospital, B-7, Sirsi Rd","Closed","","","","Directions","","· Opens 4 pm","","https://ssl.gstatic.com/local/servicebusiness/default_user.png","""He listens patiently and explains every concern with clarity and care.""","","","","",""
"https://www.google.com/maps/place/B.L.+Choudhary+Hospital/data=!4m7!3m6!1s0x396c4d00458f2113:0x10721a343d3066bf!8m2!3d26.9418502!4d75.7099816!16s%2Fg%2F11wp96kmz0!19sChIJEyGPRQBNbDkRv2YwPTQachA?authuser=0&hl=en&rclk=1","B.L. Choudhary Hospital","4.0","(1)","Hospital","·","11A 1","","","","","Directions","","","","","","","","","",""
"https://www.google.com/maps/place/RGHS+APPROVED+ANAND+DENTAL+HOSPITAL+AND+DIAGNOSTIC+CENTRE/data=!4m7!3m6!1s0x396db30020854b0f:0xd2dfd395e3eb1f13!8m2!3d26.9426966!4d75.7143849!16s%2Fg%2F11y5l6yjb9!19sChIJD0uFIACzbTkREx_r45XT39I?authuser=0&hl=en&rclk=1","RGHS APPROVED ANAND DENTAL HOSPITAL AND DIAGNOSTIC CENTRE","4.7","(427)","Dental clinic","·","·","45,46, opposite to parth chiranjivi complex","Closed","094622 09414","","Website","","·","· Opens 9 am","https://ssl.gstatic.com/local/servicebusiness/default_user.png","""","http://ananddentalhospital.com/","","Directions","Doctor","listen carefully to patient and provide the right advice"""
"https://www.google.com/maps/place/Manipal+Hospital+Jaipur/data=!4m7!3m6!1s0x396db24e7525bee7:0xe317cb2b004c9f43!8m2!3d26.9687055!4d75.7734221!16s%2Fg%2F11cn8xzn26!19sChIJ574ldU6ybTkRQ59MACvLF-M?authuser=0&hl=en&rclk=1","Manipal Hospital Jaipur","4.9","(22,137)","Private hospital","·","·","Sikar Rd","Open 24 hours","091166 56540","","Website","","·","","https://ssl.gstatic.com/local/servicebusiness/default_user.png","""Very experienced and thorough medical staff and","https://www.manipalhospitals.com/jaipur/?utm_source=gmb","","Directions","doctors","."""
"https://www.google.com/maps/place/Dr+Mohd+Khalid/data=!4m7!3m6!1s0x396db57ac1e573b5:0x3d0ab9885ed83554!8m2!3d26.952933!4d75.7396715!16s%2Fg%2F11rspf51hp!19sChIJtXPlwXq1bTkRVDXYXoi5Cj0?authuser=0&hl=en&rclk=1","Dr Mohd Khalid","5.0","(142)","Doctor","·","FirstMed Clinic Plot no 33, NARAYANPURI-B, 302012, behind Darbar school","Closed","·","078775 39937","","Directions","","· Opens 9 am","","https://ssl.gstatic.com/local/servicebusiness/default_user.png","""Very good diagnosis & affordable price
So all think very good clinc""","","","","",""
"https://www.google.com/maps/place/Dr.+kewal+Krishan+sharma+%7C+Rishabh+Hospital/data=!4m7!3m6!1s0x396c4d40563dcdfb:0xb4bac0d3560dd8a9!8m2!3d26.9532871!4d75.7074593!16s%2Fg%2F11jzgy45lm!19sChIJ-809VkBNbDkRqdgNVtPAurQ?authuser=0&hl=en&rclk=1","Dr. kewal Krishan sharma | Rishabh Hospital","","","Doctor","·","G -2, RISHABH HOSPITAL, 62, Kalwar Rd","·","Closed","098291 37794","","Website","","","· Opens 9 am","","","https://www.eka.care/doctor/dr-kewal-krishan-sharma-general-surgeon-jaipur?utm_source=gmb&utm_medium=website&utm_campaign=032023","","Directions","",""
"https://www.google.com/maps/place/Good+Health+Medicare/data=!4m7!3m6!1s0x396db3000f6a897b:0x580075ff3740297f!8m2!3d26.9506025!4d75.7406326!16s%2Fg%2F11vs3qn4kd!19sChIJe4lqDwCzbTkRfylAN_91AFg?authuser=0&hl=en&rclk=1","Good Health Medicare","5.0","(38)","Medical clinic","·","·","Closed","Good Health Medicare, Chaman Bari, near Gossiya Masjid, 78, Shekhawati Marg","090018 64567","","Directions","","· Opens 5 pm","·","https://ssl.gstatic.com/local/servicebusiness/default_user.png","""Extremely qualified","","","","doctor","with a humane approach towards patients."""
"https://www.google.com/maps/place/Dr.+Anima+Sharma/data=!4m7!3m6!1s0x396db5d91d09d5bb:0x4ac40e7212562429!8m2!3d26.90343!4d75.7292445!16s%2Fg%2F11pfcgmzfg!19sChIJu9UJHdm1bTkRKSRWEnIOxEo?authuser=0&hl=en&rclk=1","Dr. Anima Sharma","4.9","(73)","Doctor","·","Shalby Multi-Specialty Hospital, Ajmer Expressway 200 Feet Bypass Road, near Gandhi Path","·","Closed","097991 80555","","Website","","","· Opens 10 am","https://ssl.gstatic.com/local/servicebusiness/default_user.png","""Diagnosis, treatment and counseling at excellent levels.""","http://dranimasharma.com/","","Directions","",""
"https://www.google.com/maps/place/Dr.+Rishav+Bansal+%28Senior+Citizen+Specialist%2FGeriatric+Physician%29/data=!4m7!3m6!1s0x396db53956760d0d:0x169a5d7915f7a54d!8m2!3d26.9136782!4d75.8014404!16s%2Fg%2F11j2zq66yd!19sChIJDQ12Vjm1bTkRTaX3FXldmhY?authuser=0&hl=en&rclk=1","Dr. Rishav Bansal (Senior Citizen Specialist/Geriatric Physician)","4.9","(593)","Doctor","·","·","Bansal Health Clinic, K23 (Sapphire heritage, Malviya Marg, near Airtel Store","Closed","099689 68360","","Website","","·","· Opens 5:30 pm","https://ssl.gstatic.com/local/servicebusiness/default_user.png","""Your expertise and care has made a huge impact on my family and me.""","https://www.facebook.com/geriatricianinjaipur","","Directions","",""
"https://www.google.com/maps/place/Dr.+Arvind+Palawat/data=!4m7!3m6!1s0x396db37632d4eec9:0xb380081f1b0df074!8m2!3d26.912104!4d75.7268635!16s%2Fg%2F11h27z9whk!19sChIJye7UMnazbTkRdPANGx8IgLM?authuser=0&hl=en&rclk=1","Dr. Arvind Palawat","4.7","(42)","Doctor","·","","·","Closed","098280 25364","","Website","","","· Opens 7 am","https://ssl.gstatic.com/local/servicebusiness/default_user.png","""Understand the root cause and give proper advice and diagnose.""","https://www.eka.care/doctor/dr-avind-palawat-general-physician-jaipur?utm_source=gmb&utm_medium=website&utm_campaign=032023","","Directions","",""
"https://www.google.com/maps/place/MARUDHAR+HOSPITAL/data=!4m7!3m6!1s0x396db36fa38f9461:0x1fb07cc22445da6e!8m2!3d26.9269229!4d75.7463238!16s%2Fg%2F1th55d5v!19sChIJYZSPo2-zbTkRbtpFJMJ8sB8?authuser=0&hl=en&rclk=1","MARUDHAR HOSPITAL","4.3","(2,168)","Hospital","·","·","A 93-99, Singh Bhoomi Khatipura Rd","Open 24 hours","096361 80222","","Website","","·","","","On-site services","https://marudharhospital.com/","","Directions","",""
"https://www.google.com/maps/place/Dr.+Chandan+Kedawat+%7C+Best+Internal+Medicine+in+Jaipur/data=!4m7!3m6!1s0x396db345de4d7295:0x9cf9163b5b79c4b5!8m2!3d26.96922!4d75.77314!16s%2Fg%2F11n5rxtwh5!19sChIJlXJN3kWzbTkRtcR5WzsW-Zw?authuser=0&hl=en&rclk=1","Dr. Chandan Kedawat | Best Internal Medicine in Jaipur","4.9","(69)","Doctor","·","·","Room no.07, MANIPAL HOSPITAL JAIPUR, Main, Sikar Rd","Closed","091166 56540","","Website","","·","· Opens 11 am","https://ssl.gstatic.com/local/servicebusiness/default_user.png","""He gives full time to his patients to understand the real cause.""","https://www.manipalhospitals.com/jaipur/doctors/dr-chandan-kedawat-consultant-general-medicine/?utm_source=gmb&utm_medium=Dr.+Chandan+kedawat","","Directions","",""
"https://www.google.com/maps/place/Dr.+Sudhir+Sharma,+Best+Physician+in+Jaipur,+Best+Doctor+for+Diabetes,+Hypertension,+Migraine,+Asthma,+Upset+stomach/data=!4m7!3m6!1s0x396db54f777c573d:0x7de401d31812d804!8m2!3d26.8902863!4d75.7511228!16s%2Fg%2F11jx40t90h!19sChIJPVd8d0-1bTkRBNgSGNMB5H0?authuser=0&hl=en&rclk=1","Dr. Sudhir Sharma, Best Physician in Jaipur, Best Doctor for Diabetes, Hypertension, Migraine, Asthma, Upset stomach","5.0","(509)","Doctor","·","·","105, Main King's Road, Next to Shyam Nagar Police Station","Closed","094605 61212","","Website","","·","· Opens 9:30 am","https://ssl.gstatic.com/local/servicebusiness/default_user.png","""Very professional, diagnoses precisely and treatments are done accordingly""","https://drsudhirsharma.com/","","Directions","",""
"https://www.google.com/maps/place/Dr.+Mahendra+Kumar-+General+Physician+in+Jaipur/data=!4m7!3m6!1s0x396c4d658ccb0db5:0xf2d6d4298daaa858!8m2!3d26.9200733!4d75.6745995!16s%2Fg%2F11s_sgz2n6!19sChIJtQ3LjGVNbDkRWKiqjSnU1vI?authuser=0&hl=en&rclk=1","Dr. Mahendra Kumar- General Physician in Jaipur","","","General practitioner","·","Manglam Clinic, near Manglam City","","Closed","","","Website","","","· Opens 9 am","","","https://drmahendrakumar.getmy.clinic/?utm_source=gmb&utm_medium=web&utm_campaign=tu","","Directions","",""
"https://www.google.com/maps/place/Jaipur+Medical+Directory/data=!4m7!3m6!1s0x396db54f580af30b:0xc2b67728a9252116!8m2!3d26.9048301!4d75.7234673!16s%2Fg%2F11ppm9r6rg!19sChIJC_MKWE-1bTkRFiElqSh3tsI?authuser=0&hl=en&rclk=1","Jaipur Medical Directory","5.0","(1)","Medical group","·","·","15 Bhairav Nagar, Gas Godown road, Gandhi Path W","Open 24 hours","094625 50946","","Website","","·","","https://ssl.gstatic.com/local/servicebusiness/default_user.png","""Good portal to find","https://www.jaipurmedicaldirectory.com/","","Directions","doctors","in rajasthan 👍👍👍👍"""
"https://www.google.com/maps/place/Dr.+Ankit+Gupta+-+Cardiologist+in+Vaishali+Nagar,+Jaipur+%7C+Angioplasty,+Angiography+Specialist+%7C+Heart+Doctor+Jaipur/data=!4m7!3m6!1s0x396db5786bbd1ebb:0xb1d7796c3bace072!8m2!3d26.9035993!4d75.7293542!16s%2Fg%2F11j90shvpl!19sChIJux69a3i1bTkRcuCsO2x517E?authuser=0&hl=en&rclk=1","Dr. Ankit Gupta - Cardiologist in Vaishali Nagar, Jaipur | Angioplasty, Angiography Specialist | Heart Doctor Jaipur","4.8","(75)","Cardiologist","","·","","Open 24 hours","072970 45868","","Website","","","","","On-site services not available","https://www.healthyheartclinic.co/","","Directions","",""
"https://www.google.com/maps/place/Diabetes+care+and+General+Hospital+Jaipur/data=!4m7!3m6!1s0x396db3bcbcf18c67:0x7c0f2233b4ba8203!8m2!3d26.9332502!4d75.7509061!16s%2Fg%2F11pcs65v78!19sChIJZ4zxvLyzbTkRA4K6tDMiD3w?authuser=0&hl=en&rclk=1","Diabetes care and General Hospital Jaipur","4.8","(125)","Diabetologist","·","·","Open 24 hours","Plot, Street Number 1, near Masjid","070620 02000","","Directions","","","·","https://ssl.gstatic.com/local/servicebusiness/default_user.png","""Nice ambience gr8 work by","","","","doctors","and staff"""
"https://www.google.com/maps/place/Dr+Giriraj+kumawat+%7C+General+Physician+in+Jagdamba+Nagar/data=!4m7!3m6!1s0x396db5b3abfde0c5:0x64b59559aca1ef8a!8m2!3d26.8920634!4d75.7211076!16s%2Fg%2F11s88y_3l2!19sChIJxeD9q7O1bTkRiu-hrFmVtWQ?authuser=0&hl=en&rclk=1","Dr Giriraj kumawat | General Physician in Jagdamba Nagar","4.9","(115)","General practitioner","·","·","Giriraj Healthcare bm plaza, Dr","Closed","080589 65233","","Website","","·","· Opens 9 am","https://ssl.gstatic.com/local/servicebusiness/default_user.png","""The doctor was respectful and went the extra mile to make me feel heard.""","https://drgiriraj.drxpro.in/","","Directions","",""
"https://www.google.com/maps/place/Doctor%27s+Home/data=!4m7!3m6!1s0x396c4dd219c5a151:0x4aace42e0f9c6b04!8m2!3d26.9454227!4d75.6687899!16s%2Fg%2F11ltm11hg0!19sChIJUaHFGdJNbDkRBGucDy7krEo?authuser=0&hl=en&rclk=1","Doctor's Home","5.0","(14)","Doctor","·","4, Kishor Pura Rd","Closed","·","088299 11666","","Directions","","· Opens 5 pm","","https://ssl.gstatic.com/local/servicebusiness/default_user.png","""Best treatment and advice.""","","","","",""
"https://www.google.com/maps/place/Rama+Cosmetic+%26+Dental+Care+Centre/data=!4m7!3m6!1s0x396db349f003de0d:0x85f71265c35b50bc!8m2!3d26.950731!4d75.7080236!16s%2Fg%2F11b7gpcq2w!19sChIJDd4D8EmzbTkRvFBbw2US94U?authuser=0&hl=en&rclk=1","Rama Cosmetic & Dental Care Centre","4.7","(199)","Dental clinic","·","G-11 Govindam Towar Kalwar Road Jhotwara, kalwar Road, Jhotwara Rd","·","Closed","099824 44439","","Website","","","· Opens 10 am","https://ssl.gstatic.com/local/servicebusiness/default_user.png","""It is rare to find a","https://drgulia.com/","","Directions","doctor","who cares so much about patient comfort."""
"https://www.google.com/maps/place/Dr.+Raghib+Hasnain-+General+Physician+%26+Dentist+in+Jaipur/data=!4m7!3m6!1s0x396db3a6809e4fd3:0x70e646140f97602a!8m2!3d26.9467776!4d75.7351507!16s%2Fg%2F11rtpyfwgs!19sChIJ00-egKazbTkRKmCXDxRG5nA?authuser=0&hl=en&rclk=1","Dr. Raghib Hasnain- General Physician & Dentist in Jaipur","","","General practitioner","·","Raj Clinic Nagina Masjid Ke Niche","·","Closed","092149 94604","","Website","","","· Opens 9 am","","","https://remedoapp.com/rweb/doctors/dr-ravi-kumar-dentistry-latpanchar/consult?utm_source=gmb&utm_medium=web&utm_campaign=tu","","Directions","",""
"https://www.google.com/maps/place/DR.+S.+S.+DARIYA/data=!4m7!3m6!1s0x396db3647465f8a7:0xd0063601b1ca3250!8m2!3d26.9794443!4d75.7677518!16s%2Fg%2F11lsr4hpxn!19sChIJp_hldGSzbTkRUDLKsQE2BtA?authuser=0&hl=en&rclk=1","DR. S. S. DARIYA","4.9","(103)","Doctor","·","·","B-64","Closed","094142 70277","","Website","","·","· Opens 5:30 pm","https://ssl.gstatic.com/local/servicebusiness/default_user.png","""Very professional and compassionate with accurate diagnosis""","http://www.drssdariya.com/","","Directions","",""
"https://www.google.com/maps/place/Dr.+Vikas+Mittal/data=!4m7!3m6!1s0x396db45eae6f6c7b:0xaaddcd9c3d04d089!8m2!3d26.8901753!4d75.7697981!16s%2Fg%2F11b72fk694!19sChIJe2xvrl60bTkRidAEPZzN3ao?authuser=0&hl=en&rclk=1","Dr. Vikas Mittal","4.6","(185)","General practitioner","·","92, New Sanganer Rd, near Vivek Vihar Metro Station, opposite Metro Pillar No","·","Closed","097859 06095","","Website","","","· Opens 9 am","https://ssl.gstatic.com/local/servicebusiness/default_user.png","""The best experience","http://www.unikarehospital.com/","","Directions","doctor","I have visited many time"""
"https://www.google.com/maps/place/Dr.Pradeep%27s+General+%26+Diabetes+clinic/data=!4m7!3m6!1s0x396db31cf3ef24fd:0x9c3f42948a32e783!8m2!3d26.9557972!4d75.746224!16s%2Fg%2F11c751gmgk!19sChIJ_STv8xyzbTkRg-cyipRCP5w?authuser=0&hl=en&rclk=1","Dr.Pradeep's General & Diabetes clinic","4.8","(20)","Doctor","·","·","Closed","58, Niwaru Rd","070148 35217","","Directions","","· Opens 8 am Sun","·","","","","","","",""
"https://www.google.com/maps/place/Doctors+in+Jaipur/data=!4m7!3m6!1s0x396db45c50eb876b:0x3f237d19bba441b2!8m2!3d26.8900212!4d75.7692064!16s%2Fg%2F1tm86ty3!19sChIJa4frUFy0bTkRskGkuxl9Iz8?authuser=0&hl=en&rclk=1","Doctors in Jaipur","4.2","(6)","Medical group","·","·","","VQR9+2M4","082907 73849","","Directions","","","","","","","","","",""
"https://www.google.com/maps/place/Dr.+H+L+Saini+Associate+Professor+SMS+medical+college+jaipur/data=!4m7!3m6!1s0x396db565073fc0e5:0x582a94aaec6ac901!8m2!3d26.8841095!4d75.7530366!16s%2Fg%2F11mw7pyhzv!19sChIJ5cA_B2W1bTkRAclq7KqUKlg?authuser=0&hl=en&rclk=1","Dr. H L Saini Associate Professor SMS medical college jaipur","5.0","(453)","Medical clinic","·","14 A, Bhagwan Path","Closed","·","086196 30817","","Directions","","· Opens 7:30 am","","https://ssl.gstatic.com/local/servicebusiness/default_user.png","""The","","","","doctor","listened patiently and gave the right treatment very satisfied"""
"https://www.google.com/maps/place/SR+Kalla+Hospital+Jaipur/data=!4m7!3m6!1s0x396db6adbe0a7c29:0xda7b9963af490350!8m2!3d26.9132223!4d75.7970955!16s%2Fg%2F1tctk5mf!19sChIJKXwKvq22bTkRUANJr2OZe9o?authuser=0&hl=en&rclk=1","SR Kalla Hospital Jaipur","4.1","(1,845)","Private hospital","·","·","78-79 Dhuleshwar garden, Sardar Patel Marg","Open 24 hours","070230 07777","","Website","","·","","","On-site services","https://srkallahospitals.com/","","Directions","",""
"https://www.google.com/maps/place/Dr+Mukesh+Haritwal-Spine+Surgeon+in+jaipur,+micro+spine+doctor,+Slip+Disc+Treatment/data=!4m7!3m6!1s0x396db5ae02da084b:0x6146b72b6feda0a7!8m2!3d26.9685319!4d75.7733042!16s%2Fg%2F11h1ybmx7y!19sChIJSwjaAq61bTkRp6Dtbyu3RmE?authuser=0&hl=en&rclk=1","Dr Mukesh Haritwal-Spine Surgeon in jaipur, micro spine doctor, Slip Disc Treatment","4.9","(156)","Neurosurgeon","·","·","Manipal Hospital, Sikar Rd","Closed","094608 49639","","Website","","·","· Opens 10 am","","On-site services","https://www.drmukeshspinesurgeon.com/","","Directions","",""
"https://www.google.com/maps/place/Clinic+24+hours/data=!4m7!3m6!1s0x396db5c71b70c01f:0x88c8331ab3937fac!8m2!3d26.8703407!4d75.7775875!16s%2Fg%2F11vj45fnjc!19sChIJH8BwG8e1bTkRrH-TsxozyIg?authuser=0&hl=en&rclk=1","Clinic 24 hours","4.7","(48)","Doctor","·","150","·","Open 24 hours","097848 00627","","Website","","","","","On-site services","https://maheshwaripolyclinic.com/","","Directions","",""
"https://www.google.com/maps/place/Amar+Medical+%26+Research+Centre/data=!4m7!3m6!1s0x396db501daebe0ab:0x9bf33abbdc8d0f98!8m2!3d26.8682838!4d75.7582838!16s%2Fg%2F1thcqr9k!19sChIJq-Dr2gG1bTkRmA-N3Ls685s?authuser=0&hl=en&rclk=1","Amar Medical & Research Centre","4.7","(4,568)","Hospital","·","·","3, Kiran Path","Open 24 hours","083370 00000","","Website","","·","","","On-site services","https://www.parkhospital.in/hospital/super-multispeciality-hospital-in-jaipur?utm_source=GMB-Organic&utm_medium=gmb&utm_campaign=jaipur-profile","","Directions","",""
"https://www.google.com/maps/place/Dr+Vishnu+Gupta/data=!4m7!3m6!1s0x396db53a95d54b81:0x725348efebd81ecd!8m2!3d26.8517559!4d75.7556569!16s%2Fg%2F11r3ym23g1!19sChIJgUvVlTq1bTkRzR7Y6-9IU3I?authuser=0&hl=en&rclk=1","Dr Vishnu Gupta","4.9","(823)","Emergency care physician","·","·","A, Patrakar Colony Rd","","098282 25072","","Website","","","","","On-site services not available","https://www.drvishnugupta.com/","","Directions","",""
"https://www.google.com/maps/place/Dr.+Kapileshwer+Vijay/data=!4m7!3m6!1s0x396db4f552e4bd27:0xdfe117950f98013a!8m2!3d26.8920519!4d75.76059!16s%2Fg%2F11c70b87mz!19sChIJJ73kUvW0bTkROgGYD5UX4d8?authuser=0&hl=en&rclk=1","Dr. Kapileshwer Vijay","4.8","(800)","Gastrointestinal surgeon","·","·","No 7, Jan Path, near Dana-Pani Restaurant","Closed","063769 93553","","Website","","·","· Opens 7 am","","On-site services not available","https://www.gastroclinic.in/","","Directions","",""
"https://www.google.com/maps/place/Dr.+Niranjan+Singh+%28+General+Physician+in+Jaipur+%29/data=!4m7!3m6!1s0x396db3c5af16ed9d:0x7d74dcc2786a1c0b!8m2!3d26.8622916!4d75.7861356!16s%2Fg%2F11fpqbqyhp!19sChIJne0Wr8WzbTkRCxxqeMLcdH0?authuser=0&hl=en&rclk=1","Dr. Niranjan Singh ( General Physician in Jaipur )","4.9","(199)","General practitioner","·","·","CK Birla Hospital","Closed","079766 64252","","Website","","·","· Opens 10 am","https://ssl.gstatic.com/local/servicebusiness/default_user.png","""Focused attentive, good knowledge and responsive to families of patient.""","https://medigynaeclinic.co/","","Directions","",""
"https://www.google.com/maps/place/Mediva+Hospital/data=!4m7!3m6!1s0x396db58bebc75d7d:0xf68bbe9ad3c83ebd!8m2!3d26.8788486!4d75.7774143!16s%2Fg%2F11n698pnl2!19sChIJfV3H64u1bTkRvT7I05q-i_Y?authuser=0&hl=en&rclk=1","Mediva Hospital","4.9","(1,169)","Sexologist","·","·","Mediva Hospital, C-427","Closed","096600 13000","","Website","","·","· Opens 11 am","https://ssl.gstatic.com/local/servicebusiness/default_user.png","""Dr Amit is very nice and he solved my problem""","https://www.medivahospital.com/","","Directions","",""
"https://www.google.com/maps/place/Dr.Sudhakar+Rawat+Home+Jaipur/data=!4m7!3m6!1s0x396db344d7f8a5bd:0x7c1e26d813d06bd6!8m2!3d26.9678264!4d75.72!16s%2Fg%2F11fn50j65c!19sChIJvaX410SzbTkR1mvQE9gmHnw?authuser=0&hl=en&rclk=1","Dr.Sudhakar Rawat Home Jaipur","5.0","(3)","Doctor","·","XP99+4XQ, Unnamed Road","","","093519 22446","","Directions","","","","","","","","","",""
"https://www.google.com/maps/place/Dr.Sudhakar+Rawat+Home+Jaipur/data=!4m7!3m6!1s0x396db344d7f8a5bd:0x7c1e26d813d06bd6!8m2!3d26.9678264!4d75.72!16s%2Fg%2F11fn50j65c!19sChIJvaX410SzbTkR1mvQE9gmHnw?authuser=0&hl=en&rclk=1","Dr.Sudhakar Rawat Home Jaipur","5.0","(3)","Doctor","·","XP99+4XQ, Unnamed Road","","","093519 22446","","Directions","","","","","","","","","",""
"https://www.google.com/maps/place/Dr+Suresh+Yadav+MBBS+MD+INTERNAL+MEDICINE/data=!4m7!3m6!1s0x396db300363d60cd:0xc211a9b18d5fa494!8m2!3d26.9971602!4d75.7634343!16s%2Fg%2F11vx0zr3z1!19sChIJzWA9NgCzbTkRlKRfjbGpEcI?authuser=0&hl=en&rclk=1","Dr Suresh Yadav MBBS MD INTERNAL MEDICINE","4.9","(75)","Doctor","·","·","Closed","14 No, C-1050 A shankar colony opposite NITS EDUCATION AND SCHOOL NEW LOHAMANDI ROAD, Sikar Rd","082095 32574","","Directions","","· Opens 4:30 pm","·","https://ssl.gstatic.com/local/servicebusiness/default_user.png","""Diagnosis and treatment were excellent.""","","","","",""
"https://www.google.com/maps/place/Dr.+Srikanth/data=!4m7!3m6!1s0x396db366b691f887:0x310afc2eeb881974!8m2!3d26.964567!4d75.7665162!16s%2Fg%2F11pcb04lvn!19sChIJh_iRtmazbTkRdBmI6y78CjE?authuser=0&hl=en&rclk=1","Dr. Srikanth","3.7","(6)","General practitioner","·","·","Shree Laxmi Clinic Plot No. 101, Sikar Rd, behind Kanji Hotel","Closed","","","Website","","","· Opens 11 am","https://ssl.gstatic.com/local/servicebusiness/default_user.png","""Dr Shrikant Sharma is a  best","https://drsrikanth39241.getmy.clinic/?utm_source=gmb&utm_medium=web&utm_campaign=tu","","Directions","physician","in jaipur"""
"https://www.google.com/maps/place/Dr+Vikram+Bohra+-+Neurology+Doctor+Jaipur/data=!4m7!3m6!1s0x396db5f6a25cdb9d:0x8a3ca524d06b93a0!8m2!3d26.8919218!4d75.7602286!16s%2Fg%2F11gl4mt2qz!19sChIJndtcova1bTkRoJNr0CSlPIo?authuser=0&hl=en&rclk=1","Dr Vikram Bohra - Neurology Doctor Jaipur","4.7","(356)","Neurologist","·","·","Medinova, H-7, Jan Path","Closed","095303 07046","","Website","","·","· Opens 9 am","https://ssl.gstatic.com/local/servicebusiness/default_user.png","""His expertise and personalized approach to treatment are truly impressive.""","https://www.jaipurneuro.com/","","Directions","",""
"https://www.google.com/maps/place/Shiv+Vatika+Colony/data=!4m7!3m6!1s0x396c4d87ac4deb11:0x1acc41b0885ee4ee!8m2!3d26.9463517!4d75.7011893!16s%2Fg%2F11gjtxv__n!19sChIJEetNrIdNbDkR7uReiLBBzBo?authuser=0&hl=en&rclk=1","Shiv Vatika Colony","4.5","(35)","Residents association","·","·","Closed","WPW2+GFW, Kalwar Rd, near Balaji Vihar 2","079895 20775","","Directions","","· Opens 8 am Sun","·","","","","","","",""
"https://www.google.com/maps/place/Dr.+G+L+Dhayal+Internal+medicine+in+Jaipur/data=!4m7!3m6!1s0x396db3e3f6cf3677:0xba4718237e445f4d!8m2!3d26.9612033!4d75.7803054!16s%2Fg%2F11r1ry5np2!19sChIJdzbP9uOzbTkRTV9EfiMYR7o?authuser=0&hl=en&rclk=1","Dr. G L Dhayal Internal medicine in Jaipur","4.2","(37)","General practitioner","·","Royal Plaza, SG-6,ROYAL PLAZA APPARTMENT, Central Spine Rd, near RELIANCE FRESH","·","Closed","077330 28288","","Website","","","· Opens 5:30 pm","https://ssl.gstatic.com/local/servicebusiness/default_user.png","""He is a very nice","https://drgldhayal.getmy.clinic/?utm_source=gmb&utm_medium=web&utm_campaign=tu","","Directions","doctor","😊👍"""
"https://www.google.com/maps/place/Dr.+R.Dhan/data=!4m7!3m6!1s0x396db57780b37907:0xe2abe56fb1711911!8m2!3d26.9148126!4d75.7984439!16s%2Fg%2F11llkc2hhk!19sChIJB3mzgHe1bTkRERlxsW_lq-I?authuser=0&hl=en&rclk=1","Dr. R.Dhan","4.9","(15)","Doctor","·","·","Closed","Pink Vinayak Hospital, 46, dhuleshwar garden, Sardar Patel Marg","096029 31113","","Directions","","· Opens 8 am","·","https://ssl.gstatic.com/local/servicebusiness/default_user.png","""So glad i get to be treated by a doctor like him.""","","","","",""
"https://www.google.com/maps/place/Dr.+Malaya+Kumar+Mishra+%7C+Best+Emergency+Care+Physician+in+Jaipur/data=!4m7!3m6!1s0x396db34ad29ebaa3:0x910ed091fb3bebe7!8m2!3d26.9684847!4d75.7733272!16s%2Fg%2F11lrnxspp5!19sChIJo7qe0kqzbTkR5-s7-5HQDpE?authuser=0&hl=en&rclk=1","Dr. Malaya Kumar Mishra | Best Emergency Care Physician in Jaipur","5.0","(31)","Emergency care physician","·","·","Room no.7, MANIPAL HOSPITAL JAIPUR, Main, Sikar Rd","","1800 102 4647","","Website","","","","https://ssl.gstatic.com/local/servicebusiness/default_user.png","""best doctor ever had .""","https://www.manipalhospitals.com/jaipur/hospitals/","","Directions","",""
"https://www.google.com/maps/place/Dr+Avinash+Kulhar+Physician+at+City+Hospital/data=!4m7!3m6!1s0x396db72d3e01812d:0x57539b36d1b8d9!8m2!3d26.9155359!4d75.8105883!16s%2Fg%2F11z8b6ly00!19sChIJLYEBPi23bTkR2bjRNptTVwA?authuser=0&hl=en&rclk=1","Dr Avinash Kulhar Physician at City Hospital","5.0","(12)","Doctor","·","·","S 35- B, Radha Marg, behind raj mandir cinema","Open 24 hours","096807 57462","","Website","","·","","","On-site services","https://cityhospitaljaipur.lovable.app/","","Directions","",""
"https://www.google.com/maps/place/Tagore+Hospital+%26+Research+Institute/data=!4m7!3m6!1s0x396db5af245f9b3f:0x627608ae2b450a86!8m2!3d26.8586061!4d75.7696668!16s%2Fg%2F1v42d5wy!19sChIJP5tfJK-1bTkRhgpFK64IdmI?authuser=0&hl=en&rclk=1","Tagore Hospital & Research Institute","4.4","(852)","Hospital","·","·","Tagore Lane","Open 24 hours","096104 88886","","Website","","·","","","On-site services","https://www.tagorehospital.org/","","Directions","",""
"https://www.google.com/maps/place/Jaipur+Hospital/data=!4m7!3m6!1s0x396db420e65e5acb:0x2b5b8e5dec74b037!8m2!3d26.8924691!4d75.8048012!16s%2Fg%2F1thx6_sf!19sChIJy1pe5iC0bTkRN7B07F2OWys?authuser=0&hl=en&rclk=1","Jaipur Hospital","4.0","(629)","Hospital","·","·","Tonk Rd, near SMS STADIUM","Open 24 hours","0141 274 1465","","Website","","·","","https://ssl.gstatic.com/local/servicebusiness/default_user.png","""","http://www.jaipurhospital.co.in/","","Directions","Doctors","are very competent & intelligent."""
"https://www.google.com/maps/place/Murli+Lehar+Hospital/data=!4m7!3m6!1s0x396db4b10580d299:0xb3ed82ab340faaaf!8m2!3d26.8960463!4d75.7225061!16s%2Fg%2F11bvt3w7j7!19sChIJmdKABbG0bTkRr6oPNKuC7bM?authuser=0&hl=en&rclk=1","Murli Lehar Hospital","4.7","(36)","Hospital","·","·","Murli Lehar Hospital","Open 24 hours","094603 89487","","Website","","·","","https://ssl.gstatic.com/local/servicebusiness/default_user.png","""The diagnosis by the","https://murlileharhospital.com/","","Directions","doctors","is excellent."""
"https://www.google.com/maps/place/Dr.+Dinesh+Sharma/data=!4m7!3m6!1s0x396db3cd433965df:0x98ff14bc1854c77a!8m2!3d26.919811!4d75.7494598!16s%2Fg%2F11h0zh_fyl!19sChIJ32U5Q82zbTkResdUGLwU_5g?authuser=0&hl=en&rclk=1","Dr. Dinesh Sharma","4.4","(20)","Doctor","·","·","Closed","228","098291 73988","","Directions","","· Opens 8 am","·","https://ssl.gstatic.com/local/servicebusiness/default_user.png","""Very helpful and good doctor.""","","","","",""
"https://www.google.com/maps/place/Dr+Nidhi+Kabra+-+best+gynecologist+in+vaishali+nagar+jaipur/data=!4m7!3m6!1s0x396db50c737d432b:0xca9d390153a28741!8m2!3d26.9037542!4d75.7356466!16s%2Fg%2F11qycyjw1s!19sChIJK0N9cwy1bTkRQYeiUwE5nco?authuser=0&hl=en&rclk=1","Dr Nidhi Kabra - best gynecologist in vaishali nagar jaipur","4.8","(490)","Gynecologist","·","·","Unit G1 ground floor B-2/440 chitrakoot Roshan Marg, Chitrakoot","Closed","099295 84648","","Website","","·","· Opens 8 am","","On-site services","https://drnidhikabra.com/","","Directions","",""
"https://www.google.com/maps/place/Kaveri+Clinic+Dr.+Mukesh+Singhal/data=!4m7!3m6!1s0x396db46529a6fb13:0x1c03b8628f24e724!8m2!3d26.9016813!4d75.7714174!16s%2Fg%2F11c5bjpxrs!19sChIJE_umKWW0bTkRJOckj2K4Axw?authuser=0&hl=en&rclk=1","Kaveri Clinic Dr. Mukesh Singhal","4.5","(40)","Doctor","·","C 1","Closed","·","098280 11345","","Directions","","· Opens 10 am","","https://ssl.gstatic.com/local/servicebusiness/default_user.png","""Dr Singhal is helpful and kind to his patients.""","","","","",""
"https://www.google.com/maps/place/Dr.+Nitin+J+Raisinghani+%28SDMH+Hospital+%29+General+Physician/data=!4m7!3m6!1s0x396db3ceccda91ab:0x64a1a9b6555dd496!8m2!3d26.9338879!4d75.7899243!16s%2Fg%2F11l5l3bmvt!19sChIJq5HazM6zbTkRltRdVbapoWQ?authuser=0&hl=en&rclk=1","Dr. Nitin J Raisinghani (SDMH Hospital ) General Physician","4.9","(30)","General practitioner","·","shop number 13, Jai medical, Barf Khana Rd, near Adarsh Vidhya Mandir School, near amarlal mandir","·","Closed","080057 50070","","Website","","","· Opens 9 am","https://ssl.gstatic.com/local/servicebusiness/default_user.png","""They listen patiently and understand exactly what you are suffering from.""","https://drmotirampolyclinic.pdigiworld.com/","","Directions","",""
"https://www.google.com/maps/place/Dr+Ajeet+Singh/data=!4m7!3m6!1s0x396db3bddf588339:0x1683cebd8a39418e!8m2!3d26.941753!4d75.777845!16s%2Fg%2F11c564w29b!19sChIJOYNY372zbTkRjkE5ir3OgxY?authuser=0&hl=en&rclk=1","Dr Ajeet Singh","4.4","(60)","Doctor","·","·","C-66","Closed","094140 75655","","Website","","·","· Opens 7 pm","https://ssl.gstatic.com/local/servicebusiness/default_user.png","""The doctor came around 9 PM and he looks after the patient till late night.""","http://www.drajeetsingh.com/","","Directions","",""
"https://www.google.com/maps/place/Dr+Priti+Agarwal+Cancer+Doctor/data=!4m7!3m6!1s0x396db74eeaa22a2b:0x2eff4319af66d443!8m2!3d26.9058516!4d75.8132258!16s%2Fg%2F11kc68b3bk!19sChIJKyqi6k63bTkRQ9RmrxlD_y4?authuser=0&hl=en&rclk=1","Dr Priti Agarwal Cancer Doctor","4.8","(150)","Doctor","·","·","Open 24 hours","O-5, Adinath Marg","077371 93592","","Directions","","","·","https://ssl.gstatic.com/local/servicebusiness/default_user.png","""Listen very patiently to every patient and give very appropriate advice.""","","","","",""
"https://www.google.com/maps/place/Dr+Basant+Sharma+%28SDMH+Hospital%29+General+Physician/data=!4m7!3m6!1s0x396db77b2d826699:0x9088577082cccefc!8m2!3d26.8936107!4d75.8121487!16s%2Fg%2F11lyz4dbrt!19sChIJmWaCLXu3bTkR_M7MgnBXiJA?authuser=0&hl=en&rclk=1","Dr Basant Sharma (SDMH Hospital) General Physician","5.0","(283)","General practitioner","·","Near, Bhawani Singh Rd","·","Closed","095990 98735","","Website","","","· Opens 9 am","https://ssl.gstatic.com/local/servicebusiness/default_user.png","""They listen properly, understand the problem, and explain things clearly.""","https://drbasantsharma.in/","","Directions","",""
"https://www.google.com/maps/place/Dr.+Sunny+Singhal/data=!4m7!3m6!1s0x396db5c46c0a8dbd:0x319fe08e74c6432b!8m2!3d26.8463074!4d75.7968198!16s%2Fg%2F11rc4rgx8v!19sChIJvY0KbMS1bTkRK0PGdI7gnzE?authuser=0&hl=en&rclk=1","Dr. Sunny Singhal","4.9","(184)","Geriatrician","·","·","Panchsheel Enclave, 24","Closed","096497 90869","","Website","","·","· Opens 5 pm","","On-site services","https://www.facebook.com/profile.php?id=61578244804490","","Directions","",""
"https://www.google.com/maps/place/Pink+Vinayak+Hospital/data=!4m7!3m6!1s0x396db406c74daf61:0xf5d57714ff7cb735!8m2!3d26.9148287!4d75.7984417!16s%2Fg%2F11c53rn587!19sChIJYa9Nxwa0bTkRNbd8_xR31fU?authuser=0&hl=en&rclk=1","Pink Vinayak Hospital","4.5","(188)","Hospital","·","·","Open 24 hours","46, Dhuleshwar Garden, Dhuleshwar Mahadev Mandir, Sardar Patel Marg","","","Directions","","","","https://ssl.gstatic.com/local/servicebusiness/default_user.png","""Excellent","","","","doctor","shree niwas ji is knowledgeable caring."""
"https://www.google.com/maps/place/Dr+Shubhranshu/data=!4m7!3m6!1s0x396db437bd5c8045:0x9b438724b10b7a8d!8m2!3d26.8833112!4d75.7872567!16s%2Fg%2F1tqycx97!19sChIJRYBcvTe0bTkRjXoLsSSHQ5s?authuser=0&hl=en&rclk=1","Dr Shubhranshu","4.8","(781)","Pulmonologist","·","·","Plot No. 2, Bhagwati Nagar First Kartarpura, near Kalyan Nagar Underpass","Closed","096940 96105","","Website","","·","· Opens 8 am","https://ssl.gstatic.com/local/servicebusiness/default_user.png","""Very Nice","https://shubhlifeclinic.com/","","Directions","Doctor",", Calm, Extremely Knowledgeable & very Helpful 👍"""
"https://www.google.com/maps/place/Dr+Rahul+Mathur/data=!4m7!3m6!1s0x396db582a55abc9d:0x89ed55a2b8be4116!8m2!3d26.8746158!4d75.7923551!16s%2Fg%2F11fk4mdyny!19sChIJnbxapYK1bTkRFkG-uKJV7Yk?authuser=0&hl=en&rclk=1","Dr Rahul Mathur","4.8","(263)","Doctor","·","·","1330, Kissan Marg","Closed","073000 41110","","Website","","·","· Opens 9 am","","On-site services not available","https://www.swasthyaclinics.com/","","Directions","",""
"https://www.google.com/maps/place/Radiant+Skin+Clinic+%28Dr.Vishal+Chugh%29/data=!4m7!3m6!1s0x396db413052bd5bf:0xd027670ed410ab45!8m2!3d26.9027112!4d75.785213!16s%2Fg%2F11byty8nbn!19sChIJv9UrBRO0bTkRRasQ1A5nJ9A?authuser=0&hl=en&rclk=1","Radiant Skin Clinic (Dr.Vishal Chugh)","4.8","(7,304)","Skin care clinic","·","·","Plot No. S-6, opp. Geejgarh House","Closed","070621 61000","","Website","","·","· Opens 10 am","https://ssl.gstatic.com/local/servicebusiness/default_user.png","""“Good","https://radiantskinclinic.in/","","Directions","doctor",", clean clinic, and friendly staff. Had a positive experience.”"""
"https://www.google.com/maps/place/Dr.+M.+D.+Agrawal/data=!4m7!3m6!1s0x396db1b949b2e985:0x33e0c7b577881f0b!8m2!3d26.937218!4d75.836167!16s%2Fg%2F11lfzy3hl0!19sChIJhemySbmxbTkRCx-Id7XH4DM?authuser=0&hl=en&rclk=1","Dr. M. D. Agrawal","5.0","(864)","General practitioner","·","·","145, Krishna Marg","Closed","098281 66821","","Website","","·","· Opens 6 pm","https://ssl.gstatic.com/local/servicebusiness/default_user.png","""Best","https://drmdagrawal.co.in/","","Directions","doctor","in jaipur
Very cooperative"
"https://www.google.com/maps/place/Galaxy+Speciality+Center/data=!4m7!3m6!1s0x396db47301d7207d:0x38127f37e526c126!8m2!3d26.9055182!4d75.7763179!16s%2Fg%2F124yg_jh6!19sChIJfSDXAXO0bTkRJsEm5Td_Ejg?authuser=0&hl=en&rclk=1","Galaxy Speciality Center","4.0","(69)","Doctor","·","·","Closed","Dispensary, A-1, Ajmer Road, Opposite Metro Pillar No. 67 Near No. 4","0141 245 1946","","Directions","","· Opens 9 am","·","https://ssl.gstatic.com/local/servicebusiness/default_user.png","""The quality of the medicine is great, we are very satisfied""","","","","",""
"https://www.google.com/maps/place/Dr+Gaurav+Gupta,+MD,+DM/data=!4m7!3m6!1s0x396db554ee7d6e01:0xed233ba673c87589!8m2!3d26.8990208!4d75.7799521!16s%2Fg%2F11f5pxxhd5!19sChIJAW597lS1bTkRiXXIc6Y7I-0?authuser=0&hl=en&rclk=1","Dr Gaurav Gupta, MD, DM","4.6","(292)","Doctor","·","·","Closed","15","082391 87097","","Directions","","· Opens 3:30 pm","·","https://ssl.gstatic.com/local/servicebusiness/default_user.png","""I showed my mother to him in 2017 and she got completely cured.""","","","","",""
"https://www.google.com/maps/place/Institute+Of+Urology/data=!4m7!3m6!1s0x396db41b99a552b9:0xdd1172a4fed9b8ee!8m2!3d26.9010689!4d75.7975883!16s%2Fg%2F1tfk2v9d!19sChIJuVKlmRu0bTkR7rjZ_qRyEd0?authuser=0&hl=en&rclk=1","Institute Of Urology","4.9","(1,817)","Urologist","·","·","4/A, Tilak Marg, opposite Udyag Bhawan","Open 24 hours","098290 13468","","Website","","·","","https://ssl.gstatic.com/local/servicebusiness/default_user.png","""The","http://www.instituteofurology.in/","","Directions","doctor","understood the problem and explained me in a very calm manner ."""
"https://www.google.com/maps/place/Doctor+Deepak+Gupta/data=!4m7!3m6!1s0x396db5051773a779:0xf173a19b01d529d3!8m2!3d26.8920449!4d75.7721673!16s%2Fg%2F11fghqf6h3!19sChIJeadzFwW1bTkR0ynVAZuhc_E?authuser=0&hl=en&rclk=1","Doctor Deepak Gupta","4.9","(88)","Endocrinologist","·","·","Closed","A-36 , Ground Floor ,Sunder singh Bhandri nagar, New Sanganer Rd, behind felicity near sanjivini hospital","094136 89047","","Directions","","· Opens 8 am","·","https://ssl.gstatic.com/local/servicebusiness/default_user.png","""He diagnose the diabetics of my friend in a too good way.""","","","","",""
"https://www.google.com/maps/place/Dr+Yadvendra+Gupta/data=!4m7!3m6!1s0x396db69c30dc4be1:0x7fda1eb697d7db08!8m2!3d26.8905606!4d75.8104453!16s%2Fg%2F1ydxc45b9!19sChIJ4UvcMJy2bTkRCNvXl7Ye2n8?authuser=0&hl=en&rclk=1","Dr Yadvendra Gupta","4.8","(81)","Doctor","·","GUPTA CHILD AND GENERAL CLINIC, A-7, Chikitsalaya Marg","·","Closed","099283 81117","","Website","","","· Opens 10 am","https://ssl.gstatic.com/local/servicebusiness/default_user.png","""""very good honest and experienced doctor behaves well towards patients""..!!""","https://book-appointment.healthplix.com/dr-dr-yadvendra-gupta-medicine-bapu-nagar-jaipur","","Directions","",""
"https://www.google.com/maps/place/Bani+Park+Hospital/data=!4m7!3m6!1s0x396db3f14086ee3f:0xb86b3d795b133d98!8m2!3d26.9244552!4d75.7881708!16s%2Fg%2F1tg_k112!19sChIJP-6GQPGzbTkRmD0TW3k9a7g?authuser=0&hl=en&rclk=1","Bani Park Hospital","4.6","(278)","Hospital","·","·","D-9, Kabir Marg","Open 24 hours","0141 220 3864","","Website","","·","","https://ssl.gstatic.com/local/servicebusiness/default_user.png","""She was excellently treated by the learnant","http://www.bphospital.net/","","Directions","doctor","and the caring staff."""
"https://www.google.com/maps/place/Dr+sardar+singh+mavaliya/data=!4m7!3m6!1s0x396c4d00ff7b9c11:0xf923b70503d1c30b!8m2!3d26.9737204!4d75.6260715!16s%2Fg%2F11tck6925t!19sChIJEZx7_wBNbDkRC8PRAwW3I_k?authuser=0&hl=en&rclk=1","Dr sardar singh mavaliya","5.0","(20)","Doctor","·","·","Closed","PREM HOSPITAL, Main, Kalwar Rd","","","Directions","","· Opens 9 am","","https://ssl.gstatic.com/local/servicebusiness/default_user.png","""Very knowledgeable and experienced doctor.""","","","","",""
"https://www.google.com/maps/place/Doctor+Vipul+Bhageria+Child+Specialist/data=!4m7!3m6!1s0x396db5545861b6e7:0xca56efa9d0702ec8!8m2!3d26.9031033!4d75.7810351!16s%2Fg%2F11h4qblblq!19sChIJ57ZhWFS1bTkRyC5w0KnvVso?authuser=0&hl=en&rclk=1","Doctor Vipul Bhageria Child Specialist","5.0","(342)","Pediatrician","·","·","38","Closed","089051 04927","","Website","","·","· Opens 8:30 am","","On-site services not available","https://dr-vipul-bhageria.localo.site/?utm_source=google_profile&utm_campaign=localo&utm_medium=mainlink","","Directions","",""
"https://www.google.com/maps/place/Dr.+Sunil+Saini/data=!4m7!3m6!1s0x396db3d067388ab9:0xa94ad99d3917e178!8m2!3d26.9687978!4d75.7509233!16s%2Fg%2F11tstyr_21!19sChIJuYo4Z9CzbTkReOEXOZ3ZSqk?authuser=0&hl=en&rclk=1","Dr. Sunil Saini","3.0","(2)","General practitioner","·","Shop No, Saini clinic, 21, Benad Rd","·","Closed","080 4006 2162","","Website","","","· Opens 8 am","","","https://www.apollo247.com/doctors/dr-Sunil-Saini-d861f883-1059-4fd9-8fae-3fda7267a679","","Directions","",""
"https://www.google.com/maps/place/Dr.+Rajesh+Bhojwani/data=!4m7!3m6!1s0x396db411e031f8b7:0x68ef4b6657d912d9!8m2!3d26.9062832!4d75.7906608!16s%2Fg%2F11gfgvmsxy!19sChIJt_gx4BG0bTkR2RLZV2ZL72g?authuser=0&hl=en&rclk=1","Dr. Rajesh Bhojwani","4.8","(486)","Gastrointestinal surgeon","·","·","Closed","Mayfair Upasana, Apartments, Parivahan Marg","088900 05999","","Directions","","· Opens 6 pm","·","https://ssl.gstatic.com/local/servicebusiness/default_user.png","""Dr Bhojwani ji is a very experienced and empathetic","","","","doctor","."""
"https://www.google.com/maps/place/Dr.+B+R+Bagaria/data=!4m7!3m6!1s0x396db3040948d56b:0x859f3197a1f49578!8m2!3d26.9685222!4d75.7733077!16s%2Fg%2F11lf_46t0n!19sChIJa9VICQSzbTkReJX0oZcxn4U?authuser=0&hl=en&rclk=1","Dr. B R Bagaria","4.9","(130)","Orthopedic surgeon","·","·","Room no. 002,floor 1, MANIPAL HOSPITAL JAIPUR, Main, Sikar Rd","Closed","091166 56540","","Website","","·","· Opens 10 am","https://ssl.gstatic.com/local/servicebusiness/default_user.png","""Dr. Bagaria best","https://www.manipalhospitals.com/jaipur/doctors/dr-br-bagaria-consultant-orthopaedics/","","Directions","doctor","in hospital  in ortho.and best treatment."""
"https://www.google.com/maps/place/Dr+Tanmay+Jain/data=!4m7!3m6!1s0x874275004f61eefd:0x5badf08a22b12910!8m2!3d26.9272252!4d75.8108957!16s%2Fg%2F11ldyb4nrt!19sChIJ_e5hTwB1QocRECmxIorwrVs?authuser=0&hl=en&rclk=1","Dr Tanmay Jain","4.8","(45)","Surgeon","·","1132, Uniyaron Ka Rasta","·","Open 24 hours","094603 80663","","Website","","","","","On-site services","https://drtanmayjain.com/","","Directions","",""
"https://www.google.com/maps/place/Dr.+R+GROVER/data=!4m7!3m6!1s0x396db3fe495ab587:0xe8bc7b297db3f843!8m2!3d26.9207919!4d75.8034867!16s%2Fg%2F11bv3803v0!19sChIJh7VaSf6zbTkRQ_izfSl7vOg?authuser=0&hl=en&rclk=1","Dr. R GROVER","4.9","(228)","Sexologist","·","·","U.M- 62, Ground Floor, Amber Tower, Sansar Chandra Rd","Closed","099296 50592","","Website","","·","· Opens 10:30 am","https://ssl.gstatic.com/local/servicebusiness/default_user.png","""Dr r grover is an excellent and very experienced","https://dr-grover.in/","","Directions","doctor",""""
"https://www.google.com/maps/place/Dr+R+K+Sureka/data=!4m7!3m6!1s0x396db4087550c3f9:0xf1a5f9783542a8e7!8m2!3d26.9172667!4d75.7951652!16s%2Fg%2F11bw4wvnc1!19sChIJ-cNQdQi0bTkR56hCNXj5pfE?authuser=0&hl=en&rclk=1","Dr R K Sureka","4.3","(101)","Neurologist","·","·","Ward 27, 26, 48, Sanjay Marg","Open 24 hours","098292 75749","","Website","","·","","https://ssl.gstatic.com/local/servicebusiness/default_user.png","""Dr Sureka sir is top","https://surekaneurophysician.in/","","Directions","doctor",""""
"https://www.google.com/maps/place/Dr.Rajendra+Kasana/data=!4m7!3m6!1s0x396db6a3c095fe25:0x41003a55528f3c36!8m2!3d26.9050382!4d75.814219!16s%2Fg%2F11hd1rqrw2!19sChIJJf6VwKO2bTkRNjyPUlU6AEE?authuser=0&hl=en&rclk=1","Dr.Rajendra Kasana","4.8","(149)","Doctor","·","·","Closed","gate number 1, 306, 3rd floor, akshat retreat (surya hospital wali building, in front of SMS HOSPITAL","093528 59543","","Directions","","· Opens 3 pm","·","https://ssl.gstatic.com/local/servicebusiness/default_user.png","""Very good behavior and best knowledge excellent 👌 👏""","","","","",""
"https://www.google.com/maps/place/Dr.+Gaurav+Singhal/data=!4m7!3m6!1s0x396db5e6f38bffff:0x2fe9e7c3a29caf6c!8m2!3d26.9114886!4d75.8007549!16s%2Fg%2F11gg6cckvj!19sChIJ__-L8-a1bTkRbK-cosPn6S8?authuser=0&hl=en&rclk=1","Dr. Gaurav Singhal","4.9","(218)","Cardiologist","·","·","E 72, Chitaranjan Marg","Closed","091663 57346","","Website","","·","· Opens 6 pm","","On-site services","https://www.hhcc.co.in/","","Directions","",""
"https://www.google.com/maps/place/CK+Birla+Hospitals+%7C%7C+RBH/data=!4m7!3m6!1s0x396db5c832f28ec5:0x37e25df9b2082f6d!8m2!3d26.8624464!4d75.7846449!16s%2Fg%2F11cm0cg1rk!19sChIJxY7yMsi1bTkRbS8Isvld4jc?authuser=0&hl=en&rclk=1","CK Birla Hospitals || RBH","4.8","(18,213)","Hospital","·","·","Gopalpura Bypass Rd, near Triveni Bridge","Open 24 hours","074128 90005","","Website","","·","","https://ssl.gstatic.com/local/servicebusiness/default_user.png","""Wonderful experience, quality and supportive","https://ckbirlahospitals.com/rbh","","Directions","doctors","."""
"https://www.google.com/maps/place/Dr.+Rakesh+Sharma+-+Best+Urologist+in+Jaipur+%7C+Urologist+in+Jaipur+%7C+Urology+Surgeon+in+Jaipur/data=!4m7!3m6!1s0x396dca1fdba3f845:0x130bcddc6104cc9b!8m2!3d26.8881373!4d75.801568!16s%2Fg%2F11gfjry34b!19sChIJRfij2x_KbTkRm8wEYdzNCxM?authuser=0&hl=en&rclk=1","Dr. Rakesh Sharma - Best Urologist in Jaipur | Urologist in Jaipur | Urology Surgeon in Jaipur","4.4","(256)","Urologist","·","·","B-13, 80 feet road, near Kailash Tower","Open 24 hours","090072 96862","","Website","","·","","","On-site services","http://www.jaipururologist.com/","","Directions","",""
"https://www.google.com/maps/place/Dr.+Anil+Kumar+Sharma+General+Physician/data=!4m7!3m6!1s0x396db188d0e61455:0x9a6d5774f9259c52!8m2!3d26.9328953!4d75.8203524!16s%2Fg%2F11v3h04mbp!19sChIJVRTm0IixbTkRUpwl-XRXbZo?authuser=0&hl=en&rclk=1","Dr. Anil Kumar Sharma General Physician","5.0","(43)","Health consultant","·","Shpo No.01, Bhawani Nivas Infrant, Agrasen Colony Khurra, off Punjab National Bank","","","096538 07405","","Directions","","","","https://ssl.gstatic.com/local/servicebusiness/default_user.png","""Best physician
Excellent clinical skills""","","","","",""
"https://www.google.com/maps/place/Metro+Mas+Hospital/data=!4m7!3m6!1s0x396db5acf0f25487:0xe0f830ecc595e65e!8m2!3d26.8681622!4d75.7683366!16s%2Fg%2F1hm4378h9!19sChIJh1Ty8Ky1bTkRXuaVxeww-OA?authuser=0&hl=en&rclk=1","Metro Mas Hospital","4.3","(5,118)","Hospital","·","·","Shipra Path, Near Technology park","Open 24 hours","0141 666 1234","","Website","","·","","https://ssl.gstatic.com/local/servicebusiness/default_user.png","""Helpful","https://www.metrohospitals.com/hospital/metro-mas-hospital-jaipur-rajasthan/","","Directions","doctor","Blissful experience
Friendly staff
Nice experience"""
"https://www.google.com/maps/place/Dr+Mohit+Chaturvedi/data=!4m7!3m6!1s0x396db40df40e4a2b:0x10be2012ab09300a!8m2!3d26.906831!4d75.7883236!16s%2Fg%2F11f400b706!19sChIJK0oO9A20bTkRCjAJqxIgvhA?authuser=0&hl=en&rclk=1","Dr Mohit Chaturvedi","4.7","(28)","Doctor","·","A-43, opp. Chief Minister's House","Closed","·","098285 04410","","Directions","","· Opens 7 am","","https://ssl.gstatic.com/local/servicebusiness/default_user.png","""They listen your problem very carefully and very kind person .""","","","","",""
"https://www.google.com/maps/place/Dr+N+K+Sharma+physician+Best+Medicine+Doctor/data=!4m7!3m6!1s0x396dcb2fef5f4b79:0xaac2343e36b212a2!8m2!3d26.8034756!4d75.8067006!16s%2Fg%2F11nhmcdrtr!19sChIJeUtf7y_LbTkRohKyNj40wqo?authuser=0&hl=en&rclk=1","Dr N K Sharma physician Best Medicine Doctor","5.0","(39)","General practitioner","·","·","Ground floor, Maharshi Hospital, 36/4, opposite JVVNL Electricity Board, near Haldi ghati Gate","Open 24 hours","0141 461 3639","","Website","","·","","","On-site services","https://www.maharshihospital.com/","","Directions","",""
"https://www.google.com/maps/place/DR+JITENDRA+JOSHI+,+Best+physician+in+jaipur/data=!4m7!3m6!1s0x396db3b2f2d8b5f1:0x753d2d21cc5b2953!8m2!3d26.9456293!4d75.7982691!16s%2Fg%2F11w2hvg9fp!19sChIJ8bXY8rKzbTkRUylbzCEtPXU?authuser=0&hl=en&rclk=1","DR JITENDRA JOSHI , Best physician in jaipur","5.0","(1)","Doctor","·","Sumangalam appartment, near Kanwatia hospital","","","098290 30543","","Directions","","","","https://ssl.gstatic.com/local/servicebusiness/default_user.png","""Best physician in town with a great experience""","","","","",""
"https://www.google.com/maps/place/Dr+S+K+Sharma/data=!4m7!3m6!1s0x396db41279302abf:0xca222d8fdeec9d5a!8m2!3d26.9055525!4d75.7762967!16s%2Fg%2F11c48wnx6q!19sChIJvyoweRK0bTkRWp3s3o8tIso?authuser=0&hl=en&rclk=1","Dr S K Sharma","4.0","(86)","Diabetologist","·","·","Closed","Galaxy Speciality Center, A-1, अजमेर मार्ग, Opposite to Metro Pillar No .67","0141 245 1947","","Directions","","· Opens 9 am","·","https://ssl.gstatic.com/local/servicebusiness/default_user.png","""Best experience""","","","","",""
"https://www.google.com/maps/place/Dr.Jaideep+Sharma/data=!4m7!3m6!1s0x396db3001bcd2c8b:0x671e7252bec86ce6!8m2!3d26.990193!4d75.7456299!16s%2Fg%2F11mlzks_kg!19sChIJiyzNGwCzbTkR5mzIvlJyHmc?authuser=0&hl=en&rclk=1","Dr.Jaideep Sharma","","","Doctor","·","Plot Number 102, Gali No. 4, near Ram Mandir","Open 24 hours","·","098872 23351","","Directions","","","","","","","","","",""
"https://www.google.com/maps/place/Dr+Kalyan+Sahay/data=!4m7!3m6!1s0x396db6adbe0a7c29:0xc39f9d612844e64b!8m2!3d26.9253656!4d75.8038383!16s%2Fg%2F1v44ccgc!19sChIJKXwKvq22bTkRS-ZEKGGdn8M?authuser=0&hl=en&rclk=1","Dr Kalyan Sahay","4.1","(232)","Doctor","·","·","Closed","A-42, Jobner Bagh, behind Zanana Hospital Reserve Police Line","093529 77917","","Directions","","· Opens 2 pm","·","https://ssl.gstatic.com/local/servicebusiness/default_user.png","""I went for my sister's treatment and after 6 months result came positive.""","","","","",""
"https://www.google.com/maps/place/Dr.+Sundeep+Jain/data=!4m7!3m6!1s0x396db3e271aebeb5:0x8675c33dd5bb9dac!8m2!3d26.891948!4d75.8310039!16s%2Fg%2F11hbkcdym_!19sChIJtb6uceKzbTkRrJ271T3DdYY?authuser=0&hl=en&rclk=1","Dr. Sundeep Jain","4.9","(603)","Gastroenterologist","·","·","269, Vashisht Marg","Closed","091166 75733","","Website","","·","· Opens 10 am","https://ssl.gstatic.com/local/servicebusiness/default_user.png","""Dr. Sundeep Jain is perfectionist and very  professional in his expertise.""","https://drsundeepjain.com/","","Directions","",""
"https://www.google.com/maps/place/Dr+Shashi+Panicker/data=!4m7!3m6!1s0x396db3ee15555555:0x16b4f5404568f23f!8m2!3d26.9320627!4d75.7918503!16s%2Fg%2F1tf41c0s!19sChIJVVVVFe6zbTkRP_JoRUD1tBY?authuser=0&hl=en&rclk=1","Dr Shashi Panicker","4.4","(10)","Doctor","·","·","Open 24 hours","F, Sanjeevani Hospital, 58, Kali Das Marg","0141 228 1580","","Directions","","","·","","","","","","",""
"https://www.google.com/maps/place/Shivkripa+Maternity+And+General+Hospital/data=!4m7!3m6!1s0x396db47918824cdb:0xf76b834446115958!8m2!3d26.9098801!4d75.7751688!16s%2Fg%2F11b6mpxk9s!19sChIJ20yCGHm0bTkRWFkRRkSDa_c?authuser=0&hl=en&rclk=1","Shivkripa Maternity And General Hospital","3.8","(65)","Hospital","·","·","Laxmi Nagar, 4 Dispensary Road, A - 43, ESI Rd","Open 24 hours","0141 245 0777","","Website","","·","","https://ssl.gstatic.com/local/servicebusiness/default_user.png","""Best care by","http://www.shivkripahospital.com/","","Directions","doctor","and staff."""
"https://www.google.com/maps/place/Dr.+Mohammed+Javed/data=!4m7!3m6!1s0x396db5d6857bd0af:0xe09bd20db7c339f1!8m2!3d26.9142858!4d75.7792513!16s%2Fg%2F11fnx64z4f!19sChIJr9B7hda1bTkR8TnDtw3Sm-A?authuser=0&hl=en&rclk=1","Dr. Mohammed Javed","4.6","(78)","Pulmonologist","·","C 362","Closed","","","","Directions","","· Opens 5 pm","","https://ssl.gstatic.com/local/servicebusiness/default_user.png","""Good","","","","doctor","and very easily treatment"""
"https://www.google.com/maps/place/Dr.+Deepak+Sharma+-+General+Physician+%7C+physician+near+me/data=!4m7!3m6!1s0x396db3262e5d8aab:0xca38d14c271a5692!8m2!3d26.864317!4d75.780496!16s%2Fg%2F11xnnxj0fr!19sChIJq4pdLiazbTkRklYaJ0zROMo?authuser=0&hl=en&rclk=1","Dr. Deepak Sharma - General Physician | physician near me","5.0","(12)","Doctor","·","Block A, 212, Gopalpura Bypass Rd","·","Closed","085294 27114","","Website","","","· Opens 6 pm","","On-site services not available","https://priyushhospital.com/dr-deepak-sharma","","Directions","",""
"https://www.google.com/maps/place/Dr.+Deepak+Gupta+child+hospital/data=!4m7!3m6!1s0x396db5804b093477:0x950378edfd949673!8m2!3d26.908852!4d75.7835338!16s%2Fg%2F11ft2kscl6!19sChIJdzQJS4C1bTkRc5aU_e14A5U?authuser=0&hl=en&rclk=1","Dr. Deepak Gupta child hospital","4.7","(32)","Hospital","·","D-5","","","","","Directions","","","","https://ssl.gstatic.com/local/servicebusiness/default_user.png","""Best hospital
Dr Deepak Gupta sir behavior very nice""","","","","",""
"https://www.google.com/maps/place/Dr.+Niharika+Chugh/data=!4m7!3m6!1s0x396db551ef115155:0xbc3b25bb99f7a02a!8m2!3d26.902884!4d75.78588!16s%2Fg%2F11fj3m1y93!19sChIJVVER71G1bTkRKqD3mbslO7w?authuser=0&hl=en&rclk=1","Dr. Niharika Chugh","3.9","(67)","ENT Specialist","·","Plot No. S-6, Hawa Sadak Rd, opp. Mangalam GeejGarh House","Closed","","","","Directions","","· Opens 11:30 am","","https://ssl.gstatic.com/local/servicebusiness/default_user.png","""Best treatment for gfc prp in radiant  skin  clinic  of Dr Vishal""","","","","",""
"https://www.google.com/maps/place/Hari+Karunanidhan+Cardiac+Care/data=!4m7!3m6!1s0x396db5d956db08a9:0xc4f057ba407d2fa0!8m2!3d26.9129195!4d75.7971994!16s%2Fg%2F11ty2twss_!19sChIJqQjbVtm1bTkRoC99QLpX8MQ?authuser=0&hl=en&rclk=1","Hari Karunanidhan Cardiac Care","5.0","(89)","Cardiologist","·","·","Dhuleshwar Garden, Sardar Patel Marg, behind HSBC Bank","Open 24 hours","097999 58126","","Website","","·","","https://ssl.gstatic.com/local/servicebusiness/default_user.png","""Hygienic & good staff
Trained","https://www.harikarunanidhancardiaccare.in/","","Directions","doctors",""""
"https://www.google.com/maps/place/Dr.+Narendra+Singh/data=!4m7!3m6!1s0x396db5c6cb67e621:0x293516ac4401eb9d!8m2!3d26.9055152!4d75.7806239!16s%2Fg%2F11sm7p2y8z!19sChIJIeZny8a1bTkRnesBRKwWNSk?authuser=0&hl=en&rclk=1","Dr. Narendra Singh","5.0","(26)","Orthopedic clinic","·","69, Hari Marg","","","","","Directions","","","","https://ssl.gstatic.com/local/servicebusiness/default_user.png","""Good","","","","doctor","and nice behaviour"""
"","","","","","","","","","","","","","","","","","","","","",""