"hfpxzc href","xxVWCe","MW4etd","UY7F9","W4Efsd","W4Efsd 2","doJOZc","W4Efsd 3","W4Efsd 4","W4Efsd 5","W4Efsd 6","W4Efsd 7","UsdlK","lcr4fd href","Cw1rxd","R8c4Qb","Cw1rxd 2","R8c4Qb 2","ah5Ghc","Jn12ke src"
"","","","","","","","","","","","","","","","","","","",""
"","","","","","","","","","","","","","","","","","","",""
"https://www.google.com/maps/place/Dr+Nidhi+Kabra+-+best+gynecologist+in+vaishali+nagar+jaipur/data=!4m7!3m6!1s0x396db50c737d432b:0xca9d390153a28741!8m2!3d26.9037542!4d75.7356466!16s%2Fg%2F11qycyjw1s!19sChIJK0N9cwy1bTkRQYeiUwE5nco?authuser=0&hl=en&rclk=1","Dr Nidhi Kabra - best gynecologist in vaishali nagar jaipur","4.8","(490)","Gynecologist","·","","·","Unit G1 ground floor B-2/440 chitrakoot Roshan Marg, Chitrakoot","Closed","· Opens 8 am","·","099295 84648","https://drnidhikabra.com/","","Website","","Directions","On-site services",""
"https://www.google.com/maps/place/Dr+Sunita+Choudhary/data=!4m7!3m6!1s0x396db4ed8d189aef:0x415c0b9f7e4ceb56!8m2!3d26.912375!4d75.731094!16s%2Fg%2F11hcytyybc!19sChIJ75oYje20bTkRVutMfp8LXEE?authuser=0&hl=en&rclk=1","Dr Sunita Choudhary","5.0","(800)","Obstetrician-gynecologist","·","","·","Jaipur Gastro and dental care, 10A, Gate, 4, Shiv Path, near SDC Aishwarya Heights","Closed","· Opens 8:30 am","·","099280 70006","https://drsunitachoudhary.com/","","Website","","Directions","""... Sunita is an extremely polite, kind, and compassionate gynecologist.""","https://ssl.gstatic.com/local/servicebusiness/default_user.png"
"https://www.google.com/maps/place/Dr+Priyanka+Tanwar-Best+gynecologist+%26+Obstetrician,+PCOD+specialist+in+Vaishali+Nagar+Jaipur/data=!4m7!3m6!1s0x396db559b9b5b5a1:0x755655ec99370a4e!8m2!3d26.9017741!4d75.7417091!16s%2Fg%2F11rfk_lq2v!19sChIJobW1uVm1bTkRTgo3mexVVnU?authuser=0&hl=en&rclk=1","Dr Priyanka Tanwar-Best gynecologist & Obstetrician, PCOD specialist in Vaishali Nagar Jaipur","4.8","(193)","Obstetrician-gynecologist","·","","·","Akshar bhawan , Opp Akshar Dham Temple, Chitrakoot Scheme Jaipur,Rajasthan 302021","Closed","· Opens 10 am","·","098298 78896","https://cradlehospital.com/gynecologists-in-jaipur/","","Website","","Directions","""Thanks to her expertise and care, I am now pregnant and doing well.""","https://ssl.gstatic.com/local/servicebusiness/default_user.png"
"https://www.google.com/maps/place/Dr.+Mamta+Mehta+-+Gynecologist+in+Jaipur/data=!4m7!3m6!1s0x396db3aeec8ce1d7:0x6f645546bd8abb3b!8m2!3d26.9062983!4d75.7347781!16s%2Fg%2F11hdsrp4bm!19sChIJ1-GM7K6zbTkRO7uKvUZVZG8?authuser=0&hl=en&rclk=1","Dr. Mamta Mehta - Gynecologist in Jaipur","4.9","(275)","Obstetrician-gynecologist","·","","·","B2/6, Adjoining Liberty Showroom, Near Mall of Jaipur, Gandhi Path, Chitrakoot","Closed","· Opens 5 pm","·","097991 11780","http://drmamtamehta.com/","","Website","","Directions","On-site services",""
"https://www.google.com/maps/place/Dr.+Namrata+Gupta+-+Gynecologist+in+jaipur+%7C+Gynecology+Surgeon+%7C+Infertility+Specialist+%7CHigh+Risk+Pregnancy+%7C+PCOD%2FPCOD/data=!4m7!3m6!1s0x396db4830510f803:0x77630c30203d6928!8m2!3d26.9124949!4d75.7452608!16s%2Fg%2F11f53msksg!19sChIJA_gQBYO0bTkRKGk9IDAMY3c?authuser=0&hl=en&rclk=1","Dr. Namrata Gupta - Gynecologist in jaipur | Gynecology Surgeon | Infertility Specialist |High Risk Pregnancy | PCOD/PCOD","4.8","(157)","Obstetrician-gynecologist","·","","·","D-142, behind BSNL Office","Closed","· Opens 8 am","","","http://www.drnamratagupta.com/","","Website","","Directions","On-site services",""
"https://www.google.com/maps/place/Dr+Abhilasha+Gupta+-+Gynecologist+in+vaishali+nagar/data=!4m7!3m6!1s0x396db556017a1bbd:0xe846971c192e2ff5!8m2!3d26.9023521!4d75.7337945!16s%2Fg%2F11j2mnxj_3!19sChIJvRt6AVa1bTkR9S8uGRyXRug?authuser=0&hl=en&rclk=1","Dr Abhilasha Gupta - Gynecologist in vaishali nagar","5.0","(166)","Gynecologist","·","","·","stadium, Akshardham Temple, B-2/498, near Chitrakoot Marg","Closed","· Opens 5 pm","·","077370 14521","https://goyalheartwomenclinic.com/dr-abhilasha-gupta-gynecologist","","Website","","Directions","On-site services",""
"https://www.google.com/maps/place/Dr.+Shivani+Shekhawat/data=!4m7!3m6!1s0x396db38df69a9ce1:0xeb5282e2cc0c5990!8m2!3d26.9174586!4d75.7486143!16s%2Fg%2F11tfnxt1rv!19sChIJ4Zya9o2zbTkRkFkMzOKCUus?authuser=0&hl=en&rclk=1","Dr. Shivani Shekhawat","5.0","(89)","Obstetrician-gynecologist","·","","Plot no 51, Vashistha Marg","·","Closed","· Opens 8:30 am","","070144 19213","http://drshivanigynae.com/?utm_source=gmb&utm_medium=referral","","Website","","Directions","On-site services",""
"https://www.google.com/maps/place/Dr+Aakriti+Pandey+%2F+Zivia+Ivf+%2F+Best+gynaecologist/data=!4m7!3m6!1s0x396db53439e94257:0xcdba5f7826e5376a!8m2!3d26.9092762!4d75.7436309!16s%2Fg%2F11z75fjpmx!19sChIJV0LpOTS1bTkRajflJnhfus0?authuser=0&hl=en&rclk=1","Dr Aakriti Pandey / Zivia Ivf / Best gynaecologist","5.0","(14)","Fertility physician","·","","·","Gautam Marg","Open 24 hours","","","","","","Directions","","","On-site services",""
"https://www.google.com/maps/place/Dr.+Monica+Chetani+%7C+Best+Female+Gynecologist+in+Jaipur-PCOS,PCOD,Menstrual,Hormonal,Pregnancy,Infertility+%26+Women%27s+Issues/data=!4m7!3m6!1s0x396db503d520e967:0xc9e790d79abc154b!8m2!3d26.9058911!4d75.7508154!16s%2Fg%2F11lcgl15v0!19sChIJZ-kg1QO1bTkRSxW8mteQ58k?authuser=0&hl=en&rclk=1","Dr. Monica Chetani | Best Female Gynecologist in Jaipur-PCOS,PCOD,Menstrual,Hormonal,Pregnancy,Infertility & Women's Issues","4.9","(94)","Obstetrician-gynecologist","·","","98, Gandhi Path Rd, near Vijay Dwar","·","Closed","· Opens 9 am","","098113 40808","https://drmonicachetani.com/","","Website","","Directions","On-site services not available",""
"https://www.google.com/maps/place/Dr.+Shubhangi+Soora+-+Best+PCOD%2FPCOS+Treatment+Vaishali+Nagar+%7C+Gynaecologist+clinic+in+vaishali+nagar/data=!4m7!3m6!1s0x396db378327c81b7:0x48ef3e98954559ba!8m2!3d26.9165656!4d75.7418411!16s%2Fg%2F11z24320qg!19sChIJt4F8MnizbTkRullFlZg-70g?authuser=0&hl=en&rclk=1","Dr. Shubhangi Soora - Best PCOD/PCOS Treatment Vaishali Nagar | Gynaecologist clinic in vaishali nagar","5.0","(9)","Obstetrician-gynecologist","·","","52, Parijat Lane, near Hanuman Vatika Public Park","·","Closed","· Opens 8:30 am","","077259 79063","","","Directions","","","On-site services",""
"https://www.google.com/maps/place/Dr.+Suman+Asopa+-+Gynecologist+in+Vaishali+Nagar+Jaipur+%7C+Laparoscopic+Surgeon/data=!4m7!3m6!1s0x396db5cb57aa48fd:0xa819dcaff8fbbfa6!8m2!3d26.8914406!4d75.7414469!16s%2Fg%2F11lszwcs_3!19sChIJ_UiqV8u1bTkRpr_7-K_cGag?authuser=0&hl=en&rclk=1","Dr. Suman Asopa - Gynecologist in Vaishali Nagar Jaipur | Laparoscopic Surgeon","4.8","(61)","Obstetrician-gynecologist","·","","·","Asopa Hospital - 93-B, Tagore Nagar, Ajmer Rd","Closed","· Opens 10 am","·","094140 71788","https://drsumanasopa.com/","","Website","","Directions","On-site services",""
"https://www.google.com/maps/place/Dr.+Richa+Agnihotri/data=!4m7!3m6!1s0x396db50b10bf511d:0x86a2d21f9467771e!8m2!3d26.9029888!4d75.7322507!16s%2Fg%2F11rct1fcvs!19sChIJHVG_EAu1bTkRHndnlB_SooY?authuser=0&hl=en&rclk=1","Dr. Richa Agnihotri","5.0","(106)","Gynecologist","·","","257, Saraswati Marg, near Chitrakoot Stadium","·","Closed","· Opens 9 am","","073001 18065","https://dragnilifecare.in/","","Website","","Directions","On-site services",""
"https://www.google.com/maps/place/Dr.+Ritu+Gupta/data=!4m7!3m6!1s0x396db5c8b96a70e3:0x5fe74803ea14199c!8m2!3d26.8986713!4d75.7351693!16s%2Fg%2F11ww0ps1qm!19sChIJ43Bquci1bTkRnBkU6gNI518?authuser=0&hl=en&rclk=1","Dr. Ritu Gupta","4.7","(31)","Doctor","·","","36 A, Gandhi Path W Mahadev Nagar, Chitrakoot","","Open 24 hours","","","","","","Directions","","","""Very good and great experienced doctor 👍and all staff is too good""","https://ssl.gstatic.com/local/servicebusiness/default_user.png"
"https://www.google.com/maps/place/Vaishali+Surgery+And+Gynae+Center/data=!4m7!3m6!1s0xaeb691a512540ab3:0x7a3a2cdbca5423cc!8m2!3d26.9150459!4d75.7428558!16s%2Fg%2F11l28xs1yt!19sChIJswpUEqWRtq4RzCNUytssOno?authuser=0&hl=en&rclk=1","Vaishali Surgery And Gynae Center","5.0","(34)","Medical clinic","·","","Basement-283","·","Closed","· Opens 9 am","","094142 55553","https://www.vaishalisurgerygynae.com/","","Website","","Directions","""Nice","https://ssl.gstatic.com/local/servicebusiness/default_user.png"
"https://www.google.com/maps/place/Dr+Shubhi%E2%80%99s+Fortitude+Ayush+Clinic+-+Best+PCOD%2FPCOS+Ayurvedic+Treatment+Vaishali+Nagar+%7C+Ayurvedic+clinic+in+vaishali+nagar/data=!4m7!3m6!1s0x396db5726f1039ad:0x98f4a5d979449a86!8m2!3d26.9136817!4d75.7370662!16s%2Fg%2F11qn9qqcll!19sChIJrTkQb3K1bTkRhppEedml9Jg?authuser=0&hl=en&rclk=1","Dr Shubhi’s Fortitude Ayush Clinic - Best PCOD/PCOS Ayurvedic Treatment Vaishali Nagar | Ayurvedic clinic in vaishali nagar","4.9","(56)","Obstetrician-gynecologist","·","","GATE-2, VAISHALI NAGAR, PLOT -164","·","Closed","· Opens 3 pm","","088245 13602","http://drshubhibhalla.in/","","Website","","Directions","""When followed her prescription my pcod was cured in 2 months .""","https://ssl.gstatic.com/local/servicebusiness/default_user.png"
"https://www.google.com/maps/place/Enhance+Women+Clinic+in+Jaipur,+gynecologist+Clinic+in+Jaipur,+gynecology+Clinic+Vaishali+Nagar/data=!4m7!3m6!1s0x396db38f01b7eec9:0x2713c6144fdaeb03!8m2!3d26.9210362!4d75.7464916!16s%2Fg%2F11swpd2zjc!19sChIJye63AY-zbTkRA-vaTxTGEyc?authuser=0&hl=en&rclk=1","Enhance Women Clinic in Jaipur, gynecologist Clinic in Jaipur, gynecology Clinic Vaishali Nagar","5.0","(10)","Women's health clinic","·","","·","A, 142, Garud Marg","Closed","· Opens 4 pm","·","094600 77909","","","Directions","","","On-site services",""
"https://www.google.com/maps/place/Maternite+City+Family+Hospital/data=!4m7!3m6!1s0x396db59d3ee0ce51:0xa63f62416685ae9!8m2!3d26.8989183!4d75.7352131!16s%2Fg%2F11fkmskpj2!19sChIJUc7gPp21bTkR6VpoFiT2Ywo?authuser=0&hl=en&rclk=1","Maternite City Family Hospital","4.8","(300)","Doctor","·","","·","gate no: 6, Jayshree periwal school, Opp, Chitrakoot, near Chitrakoot stadium","Open 24 hours","","·","090013 87431","https://www.maternitehospitals.com/","","Website","","Directions","On-site services",""
"https://www.google.com/maps/place/Dr.+Poonam+Yadav/data=!4m7!3m6!1s0x396db32e45d4b85b:0xb968ba8f43f2f153!8m2!3d26.920916!4d75.744518!16s%2Fg%2F11n6992d5r!19sChIJW7jURS6zbTkRU_HyQ4-6aLk?authuser=0&hl=en&rclk=1","Dr. Poonam Yadav","4.6","(51)","Obstetrician-gynecologist","·","","·","A -223, Ahilya Marg","Closed","· Opens 6 pm","·","098290 65584","https://drpoonamyadav.getmy.clinic/?utm_source=gmb&utm_medium=web&utm_campaign=tu","","Website","","Directions","On-site services not available",""
"https://www.google.com/maps/place/Dr.+Pratibha+Binwal/data=!4m7!3m6!1s0x396db529d79cda1d:0x863d8eebb305d4a4!8m2!3d26.9112269!4d75.7428515!16s%2Fg%2F11zfsqjtr0!19sChIJHdqc1ym1bTkRpNQFs-uOPYY?authuser=0&hl=en&rclk=1","Dr. Pratibha Binwal","5.0","(20)","Gynecologist","·","","IndraIVF,1st Floor, Shyam House, Amrapali Marg","·","Open","· Closes 5 am · Reopens 9 am","","093510 41101","https://drpratibhabinwal.com/","","Website","","Directions","""She is a good doctor in IVF
THANKS MAAM FOR SUPPORT""","https://ssl.gstatic.com/local/servicebusiness/default_user.png"
"https://www.google.com/maps/place/Dr+Indu+Gautam+Gynecologist/data=!4m7!3m6!1s0x396db5040b37d81f:0x607d023fdbab2227!8m2!3d26.8999751!4d75.7367675!16s%2Fg%2F11k9fn3y5v!19sChIJH9g3CwS1bTkRJyKr2z8CfWA?authuser=0&hl=en&rclk=1","Dr Indu Gautam Gynecologist","4.6","(18)","Doctor","·","","·","10/60A, Chitrakoot Marg","Closed","· Opens 4 pm","","","","","Directions","","","""Very economical doctor ,accurate diagnosis and fast""","https://ssl.gstatic.com/local/servicebusiness/default_user.png"
"https://www.google.com/maps/place/Dr.+Puspa+Nagar/data=!4m7!3m6!1s0x396db4a28d3896b9:0x8daaad89cbb7a1e7!8m2!3d26.9032939!4d75.7356255!16s%2Fg%2F11f1nc45_4!19sChIJuZY4jaK0bTkR56G3y4mtqo0?authuser=0&hl=en&rclk=1","Dr. Puspa Nagar","3.4","(177)","Hospital","·","","WP3P+876, Roshan Marg","","Closed","· Opens 3 pm","","","","","Directions","","","""She is very nice","https://ssl.gstatic.com/local/servicebusiness/default_user.png"
"https://www.google.com/maps/place/Doctor+Ritu+Saini+Obstetrician+And+Gynecologist/data=!4m7!3m6!1s0x396db53f3650fc9f:0x967a0243bb186674!8m2!3d26.9018033!4d75.7423971!16s%2Fg%2F11x613cfps!19sChIJn_xQNj-1bTkRdGYYu0MCepY?authuser=0&hl=en&rclk=1","Doctor Ritu Saini Obstetrician And Gynecologist","5.0","(75)","Obstetrician-gynecologist","·","","·","148 - Ground Floor, Near, S&S Tower, Akshardham Mandir Rd","Closed","· Opens 8 am","·","089497 60636","https://dr-ritu-saini-gynecologist.localo.site/?utm_source=google_profile&utm_campaign=localo&utm_medium=mainlink","","Website","","Directions","On-site services not available",""
"https://www.google.com/maps/place/Udbhav+-+Dr.+Vibha+Chaturvedi+Sharma+%7C+Gynecologist+in+Vaishali+Nagar+Jaipur/data=!4m7!3m6!1s0x396db504b44ce4e3:0xc3d3acf7ba557113!8m2!3d26.8970361!4d75.7522034!16s%2Fg%2F11v5hm4nrk!19sChIJ4-RMtAS1bTkRE3FVuves08M?authuser=0&hl=en&rclk=1","Udbhav - Dr. Vibha Chaturvedi Sharma | Gynecologist in Vaishali Nagar Jaipur","4.9","(231)","Obstetrician-gynecologist","·","","UDBHAV A-35 Prince Road, Ajmer Rd","·","Closed","· Opens 4 pm","","078499 09109","https://drvibhasharma.com/","","Website","","Directions","On-site services",""
"https://www.google.com/maps/place/DR.+NARANG+HOSPITAL/data=!4m7!3m6!1s0x396db4a07e325381:0x9ae57a241bec2863!8m2!3d26.9133521!4d75.7376439!16s%2Fg%2F11b75s7xg8!19sChIJgVMyfqC0bTkRYyjsGyR65Zo?authuser=0&hl=en&rclk=1","DR. NARANG HOSPITAL","4.4","(221)","Obstetrician-gynecologist","·","","·","A-288","Open","· Closes 8 am · Reopens 10 am","·","0141 410 9270","https://drnarangshospital.com/","","Website","","Directions","""Good staff and knowledgeable doctors with good diagnosis and treatment.""","https://ssl.gstatic.com/local/servicebusiness/default_user.png"
"https://www.google.com/maps/place/DR.+C.P.+DADHICH.+DR.+TRIPTI+DADHICH/data=!4m7!3m6!1s0x396db55014f51eef:0x3b327e450b276588!8m2!3d26.9030624!4d75.7414163!16s%2Fg%2F11grbtx54r!19sChIJ7x71FFC1bTkRiGUnC0V-Mjs?authuser=0&hl=en&rclk=1","DR. C.P. DADHICH. DR. TRIPTI DADHICH","4.5","(32)","Obstetrician-gynecologist","·","","·","138, Mahadev Nagar, Lane Number 4, Behind SwamiNarayan Mandir","","","","098292 17530","","","Directions","","","""Great doctor wonderful experience overall""","https://ssl.gstatic.com/local/servicebusiness/default_user.png"
"https://www.google.com/maps/place/Best+Obstetrician-Gynecologist,+Maternity+%26+Women%27s+specialist+in+Vaishali+Nagar+Jaipur%7C%7CHigh+Risk+Pregnancy%7C%7CNormal+Delivery/data=!4m7!3m6!1s0x396db59d285eadc7:0xaf61f8526c931cc!8m2!3d26.9118849!4d75.7422184!16s%2Fg%2F11lcyj8wdd!19sChIJx61eKJ21bTkRzDHJJoUf9go?authuser=0&hl=en&rclk=1","Best Obstetrician-Gynecologist, Maternity & Women's specialist in Vaishali Nagar Jaipur||High Risk Pregnancy||Normal Delivery","","","Obstetrician-gynecologist","·","","374, Amrapali Marg","·","Open 24 hours","","","0141 493 7433","https://ayu.health/jaipur/doctors/gynecologists?utm_source=google&utm_medium=organic&utm_campaign=GMB_jaipur_Vaishalinagar_340","","Website","","Directions","",""
"https://www.google.com/maps/place/Dr+Suman+Chaudhary/data=!4m7!3m6!1s0x396db3cbe5aeeaa1:0x6210acdb2cfe2ff9!8m2!3d26.9207488!4d75.7464399!16s%2Fg%2F11ll8g8vdv!19sChIJoequ5cuzbTkR-S_-LNusEGI?authuser=0&hl=en&rclk=1","Dr Suman Chaudhary","5.0","(19)","Gynecologist","·","","·","A142, Garud Marg","Closed","· Opens 5 pm","·","095113 77289","","","Directions","","","""She is one of the best gynaecologists and so helpful nature 😊(Mahi Lalwani)""","https://ssl.gstatic.com/local/servicebusiness/default_user.png"
"https://www.google.com/maps/place/Gynocci+Femtech+-+Jaipur/data=!4m7!3m6!1s0x396db500479296cd:0xd2ebd58a60269735!8m2!3d26.8924242!4d75.7403273!16s%2Fg%2F11mzsnxzby!19sChIJzZaSRwC1bTkRNZcmYIrV69I?authuser=0&hl=en&rclk=1","Gynocci Femtech - Jaipur","4.5","(21)","Fertility clinic","·","","Hanuman Vatika, 45, Chitrakoot Marg","·","Closed","· Opens 10 am Wed","","084500 00845","https://www.gynocci.com/","","Website","","Directions","""The clinic staff was polite and the waiting time was reasonable.""","https://ssl.gstatic.com/local/servicebusiness/default_user.png"
"https://www.google.com/maps/place/Agnivesha+Arogyashala+%28+Best+Ayurveda+Gynaecologist+%26+Infertility+Specialist+%2F+Best+Ayurveda+Hospital%29/data=!4m7!3m6!1s0x396db52b149310d7:0xe7b506295ef0bdce!8m2!3d26.9187088!4d75.7363468!16s%2Fg%2F11rgr228_1!19sChIJ1xCTFCu1bTkRzr3wXikGtec?authuser=0&hl=en&rclk=1","Agnivesha Arogyashala ( Best Ayurveda Gynaecologist & Infertility Specialist / Best Ayurveda Hospital)","5.0","(213)","Obstetrician-gynecologist","·","","Jagdamba Marg","·","Closed","· Opens 4 pm","","094134 50909","https://agnivesha.com/","","Website","","Directions","On-site services",""
"https://www.google.com/maps/place/Dr.+Raman+Narang/data=!4m7!3m6!1s0x396db303c99bab09:0x26f7f7326d81ea7a!8m2!3d26.9133866!4d75.7376659!16s%2Fg%2F11st941bfx!19sChIJCaubyQOzbTkReuqBbTL39yY?authuser=0&hl=en&rclk=1","Dr. Raman Narang","5.0","(7)","Gynecologist","·","","·","UF-3, A-288","Closed","· Opens 10:30 am","","","","","Directions","","","""Professional, caring, and knowledgeable.""","https://ssl.gstatic.com/local/servicebusiness/default_user.png"
"https://www.google.com/maps/place/Dr+Leena+Saini/data=!4m7!3m6!1s0x396db31514187dfd:0xd52d32cf0ad3730f!8m2!3d26.9157199!4d75.7517125!16s%2Fg%2F11mvtzz862!19sChIJ_X0YFBWzbTkRD3PTCs8yLdU?authuser=0&hl=en&rclk=1","Dr Leena Saini","4.8","(41)","Doctor","·","","Gate no 2, 244, Vaishali Marg","·","Closed","· Opens 5 pm","","080059 06161","","","Directions","","","""Had a great experience with her.""","https://ssl.gstatic.com/local/servicebusiness/default_user.png"
"https://www.google.com/maps/place/Dr.+Ritu+Gupta/data=!4m7!3m6!1s0x211cd9f2d498d159:0xa89805ce15edee45!8m2!3d26.9020412!4d75.7357075!16s%2Fg%2F11x5nr27yh!19sChIJWdGY1PLZHCERRe7tFc4FmKg?authuser=0&hl=en&rclk=1","Dr. Ritu Gupta","4.8","(32)","Doctor","·","","gate no: 6, Jayshree periwal school, opp, near Chitrakoot stadium","·","Closed","· Opens 9:30 am","","063753 83944","","","Directions","","","""The doctor was very supportive, patient, and knowledgeable at every stage.""","https://ssl.gstatic.com/local/servicebusiness/default_user.png"
"https://www.google.com/maps/place/Lifecare+Clinic+-+Gynecology+%26+Child+Care+Clinic/data=!4m7!3m6!1s0x396db499daffffff:0xd9d2508d49be8ca6!8m2!3d26.9029866!4d75.732265!16s%2Fg%2F11rgtpdhxc!19sChIJ____2pm0bTkRpoy-SY1Q0tk?authuser=0&hl=en&rclk=1","Lifecare Clinic - Gynecology & Child Care Clinic","5.0","(110)","Medical clinic","·","","·","257, Saraswati Marg, near Chitrakoot Stadium","Closed","· Opens 9 am","·","081975 61760","https://dragnilifecare.in/","","Website","","Directions","""Dr Vaibhav Agnihotri is a very kind human being.""","https://ssl.gstatic.com/local/servicebusiness/default_user.png"
"https://www.google.com/maps/place/Best+Obstetrician-Gynecologist+Maternity+and+Women%27s+specialist+in+Vaishali+Nagar%7C%7CHigh+Risk+Pregnancy%7C%7CNormal+Delivery/data=!4m7!3m6!1s0x396db33ed54ed0e1:0x81085cb441387164!8m2!3d26.9197913!4d75.739146!16s%2Fg%2F11vbt81rx0!19sChIJ4dBO1T6zbTkRZHE4QbRcCIE?authuser=0&hl=en&rclk=1","Best Obstetrician-Gynecologist Maternity and Women's specialist in Vaishali Nagar||High Risk Pregnancy||Normal Delivery","","","Obstetrician-gynecologist","·","","S-Block1, Department of Gynecology, Sirsi Rd, opposite Hotel Mosaic","·","Open 24 hours","","","0141 493 7433","https://ayu.health/jaipur/doctors/gynecologists?utm_source=google&utm_medium=organic&utm_campaign=GMB_jaipur_vaishalinagar_597","","Website","","Directions","",""
"https://www.google.com/maps/place/Dr+Nitesh+Shekhawat/data=!4m7!3m6!1s0x396db3c128bf4ba9:0x521451c8849827bb!8m2!3d26.9231332!4d75.7412002!16s%2Fg%2F11h5dw323j!19sChIJqUu_KMGzbTkRuyeYhMhRFFI?authuser=0&hl=en&rclk=1","Dr Nitesh Shekhawat","4.6","(81)","Obstetrician-gynecologist","·","","·","A, 341, Sirsi Rd","Closed","· Opens 6 pm","","","","","Directions","","","""good experience, good treatment and competitive charges,""","https://ssl.gstatic.com/local/servicebusiness/default_user.png"
"https://www.google.com/maps/place/HOPE+Hospitals,+Vaishali+Nagar/data=!4m7!3m6!1s0x396db5495b6f1017:0xb764b9d13571f418!8m2!3d26.901904!4d75.7387419!16s%2Fg%2F11l5blkd0p!19sChIJFxBvW0m1bTkRGPRxNdG5ZLc?authuser=0&hl=en&rclk=1","HOPE Hospitals, Vaishali Nagar","4.7","(1,048)","Obstetrician-gynecologist","·","","·","10/12-14, Sector 10, Akshardham Mandir Circle, Chitrakoot Marg, near Akshardham Temple","Open 24 hours","","·","073003 33777","https://www.hopehospitaljaipur.com/","","Website","","Directions","On-site services",""
"https://www.google.com/maps/place/Dr.+Mayuri+Kothiwala/data=!4m7!3m6!1s0x396db5df65068317:0xb1f0c763ac42bea6!8m2!3d26.9114214!4d75.7501295!16s%2Fg%2F11mn7q_qhc!19sChIJF4MGZd-1bTkRpr5CrGPH8LE?authuser=0&hl=en&rclk=1","Dr. Mayuri Kothiwala","5.0","(3)","Gynecologist","·","","·","159, 2nd Floor, Rathore Nagar, Amrapali Marg","Closed","· Opens 5 pm Thu","·","090798 28410","https://www.drmayurigynecology.com/","","Website","","Directions","""I’ll highly recommend this careplan who’s going through pcos.""","https://ssl.gstatic.com/local/servicebusiness/default_user.png"
"https://www.google.com/maps/place/Dr.+Ritu+Chauhan+-+Best+gynaecologist+doctor+in+vaishali+nagar/data=!4m7!3m6!1s0x396db59eb3a01209:0x6ae506184649839e!8m2!3d26.8973857!4d75.7517539!16s%2Fg%2F11rg9yryj8!19sChIJCRKgs561bTkRnoNJRhgG5Wo?authuser=0&hl=en&rclk=1","Dr. Ritu Chauhan - Best gynaecologist doctor in vaishali nagar","4.9","(99)","Obstetrician-gynecologist","·","","·","27 Vidyut nagar A, Prince road, Ajmer Rd","Closed","· Opens 9 am","","","https://drrituchauhan.getmy.clinic/?utm_source=gmb&utm_medium=web&utm_campaign=tu","","Website","","Directions","On-site services not available",""
"https://www.google.com/maps/place/Dr+Charulata+Bansal+-+Best+Gynecologist+in+Jaipur+High+risk+Pregnancy%2FDelivery+Specialist+in+Jaipur/data=!4m7!3m6!1s0x396db55e8fb8064f:0xfd4a1ca921e60e72!8m2!3d26.8961088!4d75.7557595!16s%2Fg%2F11ptv9kx7l!19sChIJTwa4j161bTkRcg7mIakcSv0?authuser=0&hl=en&rclk=1","Dr Charulata Bansal - Best Gynecologist in Jaipur High risk Pregnancy/Delivery Specialist in Jaipur","5.0","(785)","Obstetrician-gynecologist","·","","·","Dr Charu women's clinic , Manglam Metropolis, Ajmer Rd, near Purani Chungi","Closed","· Opens 8 am","·","094626 88865","https://gynaecologistjaipur.com/","","Website","","Directions","On-site services not available",""
"https://www.google.com/maps/place/Neha+goyal+dr+gynaecologist/data=!4m7!3m6!1s0x396db3cda3f90f7b:0x953d184684da8a26!8m2!3d26.9111896!4d75.7162018!16s%2Fg%2F11n5jvpgvb!19sChIJew_5o82zbTkRJorahEYYPZU?authuser=0&hl=en&rclk=1","Neha goyal dr gynaecologist","4.9","(55)","Obstetrician-gynecologist","","","","","Open 24 hours","","","","","","Directions","","","""Very good service and better rates""","https://ssl.gstatic.com/local/servicebusiness/default_user.png"
"https://www.google.com/maps/place/Dr.+Richa+Agarwal/data=!4m7!3m6!1s0x396db5997dea6b9b:0x4336fc8f91d1e96f!8m2!3d26.9019685!4d75.7421306!16s%2Fg%2F11t768t6b4!19sChIJm2vqfZm1bTkRb-nRkY_8NkM?authuser=0&hl=en&rclk=1","Dr. Richa Agarwal","5.0","(1)","Gynecologist","·","","·","Temple, 156, behind Mahant Swami Marg","Closed","· Opens 9 am","·","078910 77889","https://www.shecare.co/","","Website","","Directions","",""
"https://www.google.com/maps/place/Shiv+Trident+Hospital/data=!4m7!3m6!1s0x396db584cb69717d:0x3ab08fbe667ccbf8!8m2!3d26.9128334!4d75.7529821!16s%2Fg%2F11f6dj9lv0!19sChIJfXFpy4S1bTkR-Mt8Zr6PsDo?authuser=0&hl=en&rclk=1","Shiv Trident Hospital","4.4","(158)","Obstetrician-gynecologist","·","","·","326 327, Queens Rd, near Jharkhand Mahadev Temple","Closed","· Opens 9 am","·","077428 70292","https://shivtridenthospital.com/","","Website","","Directions","On-site services",""
"https://www.google.com/maps/place/Cradle+Children+Hospital/data=!4m7!3m6!1s0x396db4be9a884b5d:0x57b3d48576ea6b95!8m2!3d26.9110196!4d75.7297841!16s%2Fg%2F11bzy67xlt!19sChIJXUuImr60bTkRlWvqdoXUs1c?authuser=0&hl=en&rclk=1","Cradle Children Hospital","4.8","(2,478)","Children's hospital","·","","·","212","Open 24 hours","","·","083770 10161","https://cradlehospital.com/","","Website","","Directions","""","https://ssl.gstatic.com/local/servicebusiness/default_user.png"
"https://www.google.com/maps/place/Neelkanth+IVF+Center+in+Jaipur+%7C+Best+IUI,+ICSI,+Fertility,+Doctor,+Specialist,+IVF+Treatment+in+Jaipur/data=!4m7!3m6!1s0x396db54ea52a7099:0x71205df003a3a9cf!8m2!3d26.905606!4d75.7417887!16s%2Fg%2F11hxbnfc96!19sChIJmXAqpU61bTkRz6mjA_BdIHE?authuser=0&hl=en&rclk=1","Neelkanth IVF Center in Jaipur | Best IUI, ICSI, Fertility, Doctor, Specialist, IVF Treatment in Jaipur","4.6","(347)","Obstetrician-gynecologist","·","","·","16, Gandhi Path Rd","Open 24 hours","","·","080 6823 4752","https://neelkanthivfcentre.com/","","Website","","Directions","""Doctors and embryologists are experts in their profile.""","https://ssl.gstatic.com/local/servicebusiness/default_user.png"
"https://www.google.com/maps/place/Dr+Jyotika+Singh/data=!4m7!3m6!1s0x396db36936bbd289:0xc8f56cd73f3e2ada!8m2!3d26.9010794!4d75.7064069!16s%2Fg%2F11vjqg170v!19sChIJidK7NmmzbTkR2io-P9ds9cg?authuser=0&hl=en&rclk=1","Dr Jyotika Singh","4.9","(78)","Gynecologist","","","·","","Closed","· Opens 4 pm","","070082 52698","https://cradlehospital.com/team/dr-jyotika-singh/","","Website","","Directions","""Dr. Jyotika and her team is skilled, disciplined and cooperative.""","https://ssl.gstatic.com/local/servicebusiness/default_user.png"
"https://www.google.com/maps/place/Global+Heart+%26+General+Hospital/data=!4m7!3m6!1s0x396db4a23c541363:0x231d7092f6f4951b!8m2!3d26.9056966!4d75.7386902!16s%2Fg%2F1tdc85xr!19sChIJYxNUPKK0bTkRG5X09pJwHSM?authuser=0&hl=en&rclk=1","Global Heart & General Hospital","3.5","(833)","General hospital","·","","·","C1, Gandhi Path, 27-29, Narayani Path, opposite Bharat Apartment","Open 24 hours","","·","0141 400 6290","https://globalheartjpr.org/","","Website","","Directions","""","https://ssl.gstatic.com/local/servicebusiness/default_user.png"
"https://www.google.com/maps/place/Dr+Vibha+Sharma+-+Best+Gynecologist+%26+Infertility+Specialist+in+Jhotwara,+Jaipur/data=!4m7!3m6!1s0x396db35225d6b987:0x4b92957d13c3f658!8m2!3d26.9351276!4d75.744301!16s%2Fg%2F11rk9krkhh!19sChIJh7nWJVKzbTkRWPbDE32Vkks?authuser=0&hl=en&rclk=1","Dr Vibha Sharma - Best Gynecologist & Infertility Specialist in Jhotwara, Jaipur","5.0","(646)","Obstetrician-gynecologist","·","","231, Sangh Shakti Rd, behind Ganesh Temple","·","Closed","· Opens 11 am","","097722 24415","https://www.drvibhagynecologist.in/","","Website","","Directions","""... is too humble and a perfect gynecologist
And a experience doctor""","https://ssl.gstatic.com/local/servicebusiness/default_user.png"
"https://www.google.com/maps/place/Unique+Sangeeta+Memorial+Hospital/data=!4m7!3m6!1s0x396db36730ad3643:0x49f108acbf0dea4e!8m2!3d26.9165051!4d75.7470342!16s%2Fg%2F11h0tz81pq!19sChIJQzatMGezbTkRTuoNv6wI8Uk?authuser=0&hl=en&rclk=1","Unique Sangeeta Memorial Hospital","4.6","(411)","Hospital","·","","·","WP8W+JR9, Valmiki Marg, near Guruduwara","Open 24 hours","","","","http://www.uniquehospitals.in/","","Website","","Directions","""""Best facilities all of staff","https://ssl.gstatic.com/local/servicebusiness/default_user.png"
"https://www.google.com/maps/place/Dr.+Himantika+Kumawat/data=!4m7!3m6!1s0x396db5074a900103:0x3eef52670225ed4f!8m2!3d26.9009679!4d75.7084685!16s%2Fg%2F11ms5d2690!19sChIJAwGQSge1bTkRT-0lAmdS7z4?authuser=0&hl=en&rclk=1","Dr. Himantika Kumawat","5.0","(79)","Gynecologist","·","","·","Ashapurna maternity hospital, Gandhi Path Rd","Closed","· Opens 11 am","·","078508 30151","https://drhimantikaobgyn.in/","","Website","","Directions","On-site services",""
"https://www.google.com/maps/place/Dr+Asifa+Majeed/data=!4m7!3m6!1s0x396db50008a11317:0x333ea48f3245542f!8m2!3d26.9059132!4d75.7508204!16s%2Fg%2F11wwhrt1jd!19sChIJFxOhCAC1bTkRL1RFMo-kPjM?authuser=0&hl=en&rclk=1","Dr Asifa Majeed","5.0","(4)","Obstetrician-gynecologist","","","","","Closed","· Opens 9 am","","","","","Directions","","","""Today, we hold our little miracle in our arms only because of her.""","https://ssl.gstatic.com/local/servicebusiness/default_user.png"
"https://www.google.com/maps/place/Jeevan+Jyoti+Fertility+Hospital/data=!4m7!3m6!1s0x396db4a20bcd160b:0xc35914732e28e68e!8m2!3d26.9111288!4d75.7461137!16s%2Fg%2F11g6j78c8q!19sChIJCxbNC6K0bTkRjuYoLnMUWcM?authuser=0&hl=en&rclk=1","Jeevan Jyoti Fertility Hospital","4.3","(137)","Hospital","·","","·","F-32, Near, E-12, Gautam Marg","Open 24 hours","","","","","","Directions","","","""Dr. Hemant sir very experienced and have great knowledge.""","https://ssl.gstatic.com/local/servicebusiness/default_user.png"
"https://www.google.com/maps/place/Indira+IVF+Fertility+Centre+in+Vaishali+Nagar+-+Best+IVF+Centre/data=!4m7!3m6!1s0x396db58e0ab7009d:0x6c7460008205104b!8m2!3d26.911245!4d75.7425409!16s%2Fg%2F11h4s_8yh2!19sChIJnQC3Co61bTkRSxAFggBgdGw?authuser=0&hl=en&rclk=1","Indira IVF Fertility Centre in Vaishali Nagar - Best IVF Centre","4.9","(1,450)","Obstetrician-gynecologist","·","","·","1st floor, श्याम हाउस, Amrapali Marg","Closed","· Opens 9 am","·","088671 81100","https://www.indiraivf.com/rajasthan/best-ivf-center-vaishali-nagar-jaipur/?utm_source=gmb&utm_medium=listings&utm_campaign=indiraivfgmb&utm_id=seo-local","","Website","","Directions","On-site services not available",""
"https://www.google.com/maps/place/Dr.+Sadhna+Sharma/data=!4m7!3m6!1s0x396db3d35017c3e5:0x5f483517b1abfa70!8m2!3d26.9225642!4d75.7534887!16s%2Fg%2F11r_n21b_y!19sChIJ5cMXUNOzbTkRcPqrsRc1SF8?authuser=0&hl=en&rclk=1","Dr. Sadhna Sharma","5.0","(122)","Gynecologist","·","","Khatipura Rd, Mode, near Jharkhand Apartment","·","Closed","· Opens 10 am","","093145 07174","https://www.sadhnahospital.com/","","Website","","Directions","On-site services",""
"https://www.google.com/maps/place/Dr.+Chitra+Soni+-+Best+gynecologist+in+jaipur+%7C+Infertilty+%7C+Laproscopic+Surgeon+in+jaipur+%7C+PCOS+%7C+PCOD/data=!4m7!3m6!1s0x396db5838acac6cf:0x1b4dc32402aca1a8!8m2!3d26.8847236!4d75.7522615!16s%2Fg%2F11fpq623c9!19sChIJz8bKioO1bTkRqKGsAiTDTRs?authuser=0&hl=en&rclk=1","Dr. Chitra Soni - Best gynecologist in jaipur | Infertilty | Laproscopic Surgeon in jaipur | PCOS | PCOD","5.0","(731)","Obstetrician-gynecologist","·","","·","110, Kings Rd","Closed","· Opens 8 am","·","063675 17838","https://rnmh.in/doctors/chitra-soni.html","","Website","","Directions","""Dr chitra mam is a perfect gynecologist for pregnant patients .""","https://ssl.gstatic.com/local/servicebusiness/default_user.png"
"https://www.google.com/maps/place/Nova+IVF+Fertility+Clinic+-+Best+Fertility+Clinic+%26+IVF+Centre+in+Jaipur/data=!4m7!3m6!1s0x396db31f4b979e79:0x33ac50dcf1f36822!8m2!3d26.9152774!4d75.7502189!16s%2Fg%2F11y10wmll2!19sChIJeZ6XSx-zbTkRImjz8dxQrDM?authuser=0&hl=en&rclk=1","Nova IVF Fertility Clinic - Best Fertility Clinic & IVF Centre in Jaipur","5.0","(72)","Obstetrician-gynecologist","·","","First floor, GS Traders Center, NOVA IVF, 534-536, Vaishali Marg","·","Closed","· Opens 8 am","","080 4447 7096","https://www.novaivffertility.com/ivf-centre/jaipur/fertility-clinic-jaipur","","Website","","Directions","""Dr. Richa Ainani  calm explanation made the visit stress-free.""","https://ssl.gstatic.com/local/servicebusiness/default_user.png"
"https://www.google.com/maps/place/Jain+Fertility+%26+Mother+Care+Hospital/data=!4m7!3m6!1s0x396db482e7887643:0xd85870c2816ee1f9!8m2!3d26.9117564!4d75.750277!16s%2Fg%2F1thxz634!19sChIJQ3aI54K0bTkR-eFugcJwWNg?authuser=0&hl=en&rclk=1","Jain Fertility & Mother Care Hospital","4.1","(237)","Hospital","·","","·","D-253, Amrapali Marg","Open 24 hours","","·","0141 235 9289","http://www.jainfertility.com/","","Website","","Directions","""Dr. Gunjan is very experienced and treats patients so well.""","https://ssl.gstatic.com/local/servicebusiness/default_user.png"
"https://www.google.com/maps/place/Dr+SARITA+MAHALA/data=!4m7!3m6!1s0x396db51a5977a267:0x786f91f5faf45097!8m2!3d26.9025303!4d75.736271!16s%2Fg%2F11zdh1wbdj!19sChIJZ6J3WRq1bTkRl1D0-vWRb3g?authuser=0&hl=en&rclk=1","Dr SARITA MAHALA","","","Obstetrician-gynecologist","·","","B-1/542, ROSHAN PATH, CHITRAKOOT, near Chitrakoot Stadium","","Closed","· Opens 5 pm","","","","","Directions","","","",""
"https://www.google.com/maps/place/Birla+Fertility+%26+IVF+Center+-+Best+IVF+Centre+in+Jaipur/data=!4m7!3m6!1s0x396db3a0f2aa23b3:0xdeb8838c36dd8d0b!8m2!3d26.9156246!4d75.7519017!16s%2Fg%2F11stsjgjd0!19sChIJsyOq8qCzbTkRC43dNoyDuN4?authuser=0&hl=en&rclk=1","Birla Fertility & IVF Center - Best IVF Centre in Jaipur","5.0","(357)","Obstetrician-gynecologist","·","","·","3rd Floor, 267, Plot No. 265, next to County Inn Hotel","Closed","· Opens 9 am","·","096673 00875","https://birlafertility.com/locations/rajasthan/best-fertility-ivf-center-in-jaipur/?utm_source=google_my_business&utm_medium=jaipur","","Website","","Directions","""Thank you Dr.priyanka I got conceived in first attempt of IVF.,,""","https://ssl.gstatic.com/local/servicebusiness/default_user.png"
"https://www.google.com/maps/place/Women%27s+Health+Centre/data=!4m7!3m6!1s0x396db49c40000001:0x8e075e735311f24!8m2!3d26.9110694!4d75.7527713!16s%2Fg%2F1tdkkmmt!19sChIJAQAAQJy0bTkRJB8xNed14Ag?authuser=0&hl=en&rclk=1","Women's Health Centre","3.7","(6)","Obstetrician-gynecologist","·","","11, Queens Rd","·","Closed","· Opens 10 am","","098290 54547","","","Directions","","","",""
"https://www.google.com/maps/place/Dr+komal+gynecologist/data=!4m7!3m6!1s0x396db50056f26157:0x13015e990617f58e!8m2!3d26.9041866!4d75.7388409!16s%2Fg%2F11x6pgfk1l!19sChIJV2HyVgC1bTkRjvUXBpleARM?authuser=0&hl=en&rclk=1","Dr komal gynecologist","5.0","(1)","Obstetrician-gynecologist","·","","d9, 150, Chitrakoot Marg","","","","","","","","Directions","","","""Good experience,while having treatment under her""","https://ssl.gstatic.com/local/servicebusiness/default_user.png"
"https://www.google.com/maps/place/Rathi+Hospital+-+Best+Orthopaedic+%26+Gynecology+Hospital+in+Vaishali+Nagar+Jaipur/data=!4m7!3m6!1s0x396db53f7749a6b9:0xe6c59b003b488149!8m2!3d26.9116143!4d75.7285529!16s%2Fg%2F11tf6297rf!19sChIJuaZJdz-1bTkRSYFIOwCbxeY?authuser=0&hl=en&rclk=1","Rathi Hospital - Best Orthopaedic & Gynecology Hospital in Vaishali Nagar Jaipur","4.3","(29)","Hospital","·","","·","Maa Karni Nagar, Block A, Panchyawala, Karni Palace Rd, opp. Indian Oil Petrol Pump","Open 24 hours","","·","094607 10662","https://sites.google.com/view/rathi-hospital/home","","Website","","Directions","On-site services",""
"https://www.google.com/maps/place/Zivia+IVF:+%231+IVF+Centre+in+Vaishali+Nagar,+Jaipur+%7C+IVF+Specialist+%7C+IVF+Clinic/data=!4m7!3m6!1s0x396db5bf939779c7:0xe6ca60a0d713e181!8m2!3d26.9093226!4d75.7436458!16s%2Fg%2F11vdhm6mh9!19sChIJx3mXk7-1bTkRgeET16BgyuY?authuser=0&hl=en&rclk=1","Zivia IVF: #1 IVF Centre in Vaishali Nagar, Jaipur | IVF Specialist | IVF Clinic","5.0","(206)","Obstetrician-gynecologist","·","","·","Second floor, 14, Gautam Marg, near GOLD'S GYM","Closed","· Opens 9 am","·","088823 20320","https://ziviaivf.com/","","Website","","Directions","On-site services",""
"https://www.google.com/maps/place/Dr.+Deepika+Nagarwal/data=!4m7!3m6!1s0x396db35e645e180f:0x6e797b781b5c5c61!8m2!3d26.9161771!4d75.7527052!16s%2Fg%2F11wpnllgq5!19sChIJDxheZF6zbTkRYVxcG3h7eW4?authuser=0&hl=en&rclk=1","Dr. Deepika Nagarwal","5.0","(1)","Fertility physician","·","","267, 3rd Floor, Plot No. 265, next to County Inn Hotel","·","Closed","· Opens 9 am","","096673 00239","https://birlafertility.com/doctor/dr-deepika-nagarwal/","","Website","","Directions","""I can easily recommend her.""","https://ssl.gstatic.com/local/servicebusiness/default_user.png"
"https://www.google.com/maps/place/Forbaxy/data=!4m7!3m6!1s0x396db49e12ab9e0d:0xaacb175754c8949a!8m2!3d26.9118849!4d75.7422184!16s%2Fg%2F11bwqmczbc!19sChIJDZ6rEp60bTkRmpTIVFcXy6o?authuser=0&hl=en&rclk=1","Forbaxy","4.8","(1,122)","Hospital","·","","·","Amar Jain Hospital, 374-C , Amrapali Circle, 374, Amrapali Circle","Open 24 hours","","·","095492 19991","https://forbaxy.com/","","Website","","Directions","""Experienced","https://ssl.gstatic.com/local/servicebusiness/default_user.png"
"https://www.google.com/maps/place/SRG+Multi-Specialty+Hospital,+Jaipur/data=!4m7!3m6!1s0x396db5ea7a33d423:0x193970ca6aa5c6fb!8m2!3d26.8912097!4d75.7286999!16s%2Fg%2F11g2318stk!19sChIJI9Qzeuq1bTkR-8alaspwORk?authuser=0&hl=en&rclk=1","SRG Multi-Specialty Hospital, Jaipur","4.6","(799)","Hospital","·","","·","Geo Villa, 178, Ajmer Rd","Open 24 hours","","·","097300 66234","https://srghospitaljaipur.com/","","Website","","Directions","On-site services",""
"https://www.google.com/maps/place/Dr.+Gunjan+Jain/data=!4m7!3m6!1s0x396db56d97d07bdb:0x65613329ebfaa9ec!8m2!3d26.9118022!4d75.7504107!16s%2Fg%2F11rj_vr8lv!19sChIJ23vQl221bTkR7Kn66ykzYWU?authuser=0&hl=en&rclk=1","Dr. Gunjan Jain","4.3","(12)","Obstetrician-gynecologist","·","","Jain Fertility & Mother Care Hospital, D- 253, Amrapali Marg","","Closed","· Opens 9 am","","","https://drgunjanjain.getmy.clinic/?utm_source=gmb&utm_medium=web&utm_campaign=tu","","Website","","Directions","""I never felt alone for my any query related to my pregnancy;""","https://ssl.gstatic.com/local/servicebusiness/default_user.png"
"https://www.google.com/maps/place/Shalby+Multi-Specialty+Hospital,+Jaipur/data=!4m7!3m6!1s0x396db4a4585f1267:0x1a772cfdc188beb8!8m2!3d26.9035766!4d75.7292137!16s%2Fg%2F11c2k8gq_2!19sChIJZxJfWKS0bTkRuL6Iwf0sdxo?authuser=0&hl=en&rclk=1","Shalby Multi-Specialty Hospital, Jaipur","4.7","(15,441)","Specialized hospital","·","","·","Under Pass Delhi - Ajmer Expressway, 200 Feet Bypass Rd, near Gandhi Path Road","Open 24 hours","","·","090579 01410","https://www.shalby.org/hospitals/jaipur-shalby/?utm_source=google&utm_medium=GMB&utm_campaign=search","","Website","","Directions","On-site services",""
"https://www.google.com/maps/place/Dr+Manju+Yadav+Women%E2%80%99s+clinic/data=!4m7!3m6!1s0x396db52bc7427ce3:0xd367d7b2dc6613ea!8m2!3d26.9007061!4d75.7374117!16s%2Fg%2F11ql93ypms!19sChIJ43xCxyu1bTkR6hNm3LLXZ9M?authuser=0&hl=en&rclk=1","Dr Manju Yadav Women’s clinic","5.0","(1)","Doctor","·","","E-10/73, Chitrakoot Marg","","","","","","","","Directions","","","",""
"https://www.google.com/maps/place/Dr+Seema+Gupta/data=!4m7!3m6!1s0x396db5cb568b4bf3:0xa9d4f2521d11987a!8m2!3d26.9035496!4d75.7159289!16s%2Fg%2F11vprhgkh4!19sChIJ80uLVsu1bTkRepgRHVLy1Kk?authuser=0&hl=en&rclk=1","Dr Seema Gupta","4.8","(18)","Doctor","·","","Lalarpura road, Gandhi Path Rd","·","Closed","· Opens 9 am","","075970 78327","","","Directions","","","""She has beautifully guided me throughout my pregnancy.""","https://ssl.gstatic.com/local/servicebusiness/default_user.png"
"https://www.google.com/maps/place/Rudransh+Sonography+%26+Diagnostic+Centre/data=!4m7!3m6!1s0x396db3557ae699b3:0xcbba57c5f2db0a0c!8m2!3d26.9101423!4d75.7390505!16s%2Fg%2F11c6v400bg!19sChIJs5nmelWzbTkRDArb8sVXuss?authuser=0&hl=en&rclk=1","Rudransh Sonography & Diagnostic Centre","5.0","(2,336)","Obstetrician-gynecologist","·","","·","Nursery Cir, F 319, Neel Padam Sarovar Marg","Closed","· Opens 8 am","·","090018 93909","","","Directions","","","""Dr. was very patient and clarified our every doubt and gave us enough time.""","https://ssl.gstatic.com/local/servicebusiness/default_user.png"
"https://www.google.com/maps/place/Dr+Pankhuri+Gautam/data=!4m7!3m6!1s0x396db59232af7151:0x61a4c5ae607140d3!8m2!3d26.8834271!4d75.7525108!16s%2Fg%2F11kgrbv5nq!19sChIJUXGvMpK1bTkR00BxYK7FpGE?authuser=0&hl=en&rclk=1","Dr Pankhuri Gautam","4.9","(429)","Obstetrician-gynecologist","·","","DOCTORS PLAZA, 98, Kings Rd","·","Closed","· Opens 10 am","","093133 60606","https://www.drpankhurigautam.com/","","Website","","Directions","On-site services",""
"https://www.google.com/maps/place/B-Well+Medihub/data=!4m7!3m6!1s0x396db4af3009f7c9:0x7694e369d4c17fc!8m2!3d26.9057769!4d75.733148!16s%2Fg%2F11w2lsb2gv!19sChIJyfcJMK-0bTkR_BdMnTZOaQc?authuser=0&hl=en&rclk=1","B-Well Medihub","4.7","(111)","Obstetrician-gynecologist","·","","·","B2/6, Gandhi Path Rd, near liberty showroom","Closed","· Opens 9 am","·","092562 88801","https://bwellmedihub.com/","","Website","","Directions","On-site services",""
"https://www.google.com/maps/place/Dr.+Chetna+Singh+Gynaecologist+and+Infertility+specialist/data=!4m7!3m6!1s0x396db384c8ebfa3d:0x689e81ca80e29b86!8m2!3d26.942453!4d75.7272481!16s%2Fg%2F11h2qmqms_!19sChIJPfrryISzbTkRhpvigMqBnmg?authuser=0&hl=en&rclk=1","Dr. Chetna Singh Gynaecologist and Infertility specialist","5.0","(355)","Obstetrician-gynecologist","·","","·","C-21, Gokul Nagar, 206 Bigha, Marble Mandi Road, Kalwar Rd, opposite JDA Park","Closed","· Opens 9 am","·","094134 43438","https://medigynaeclinic.co/","","Website","","Directions","""Your care, expertise, and kindness had made this journey beautiful.""","https://ssl.gstatic.com/local/servicebusiness/default_user.png"
"https://www.google.com/maps/place/Dr+Goyal+Heart+%26+Women%27s+Clinic/data=!4m7!3m6!1s0x396db5467c4ab1eb:0x3db4eaee5890d312!8m2!3d26.9023366!4d75.7338041!16s%2Fg%2F11gjp5r6zt!19sChIJ67FKfEa1bTkREtOQWO7qtD0?authuser=0&hl=en&rclk=1","Dr Goyal Heart & Women's Clinic","5.0","(24)","Doctor","·","","near chitrakoot stadium","·","Closed","· Opens 8 am","","089340 76703","http://www.goyalheartwomenclinic.com/","","Website","","Directions","""Excellent doctor—very kind, patient, and knowledgeable.""","https://ssl.gstatic.com/local/servicebusiness/default_user.png"
"https://www.google.com/maps/place/Dr.+Mridul+Gehlot/data=!4m7!3m6!1s0x396db48dcfd49ba1:0x3af4863635d29c77!8m2!3d26.8963561!4d75.7513738!16s%2Fg%2F1hm6mbrp1!19sChIJoZvUz420bTkRd5zSNTaG9Do?authuser=0&hl=en&rclk=1","Dr. Mridul Gehlot","4.5","(17)","Doctor","·","","·","2, Aakansha, Gehlot Banglow, Ajmer Rd","Closed","· Opens 6 pm","·","094140 44445","https://dr-mridulgehlot.in/","","Website","","Directions","",""
"https://www.google.com/maps/place/Sadhna+Hospital+-+Multispeciality+Hospital+in+Jaipur/data=!4m7!3m6!1s0x396db351d63da087:0x79a55015414be0d1!8m2!3d26.9226347!4d75.7534983!16s%2Fg%2F11b6fkczd2!19sChIJh6A91lGzbTkR0eBLQRVQpXk?authuser=0&hl=en&rclk=1","Sadhna Hospital - Multispeciality Hospital in Jaipur","4.5","(250)","Obstetrician-gynecologist","·","","·","Khatipura Rd, Mode, near Jharkhand Apartment","Open 24 hours","","·","093145 07174","http://sadhnahospital.com/","","Website","","Directions","On-site services",""
"https://www.google.com/maps/place/Dr.+Nimisha+Myer/data=!4m7!3m6!1s0x396db5fa622de923:0x5b107533ace49ac7!8m2!3d26.8872773!4d75.7453484!16s%2Fg%2F11vwvcjk84!19sChIJI-ktYvq1bTkRx5rkrDN1EFs?authuser=0&hl=en&rclk=1","Dr. Nimisha Myer","5.0","(31)","Obstetrician-gynecologist","·","","269 lane No.3, Ajmer Rd","·","Closed","· Opens 6:30 pm","","098285 69207","","","Directions","","","On-site services",""
"https://www.google.com/maps/place/Dr+Kabras+Fertility+Square+and+Cardiac+Care+Center+%7C+Dr+Kabras+Clinic/data=!4m7!3m6!1s0x396db574040cb9ad:0x592b78b18cb9ac0d!8m2!3d26.9037881!4d75.7356908!16s%2Fg%2F11jlqm1p10!19sChIJrbkMBHS1bTkRDay5jLF4K1k?authuser=0&hl=en&rclk=1","Dr Kabras Fertility Square and Cardiac Care Center | Dr Kabras Clinic","4.8","(4)","Medical clinic","·","","ground floor, Unit G1 B 2/440, Roshan Marg Chitrakoot","·","Closed","· Opens 4 am","","081079 98382","https://drkabrasclinic.com/","","Website","","Directions","",""
"https://www.google.com/maps/place/Dr.Pushpa+Rawat/data=!4m7!3m6!1s0x396db541be149b0d:0x81e968fc6007eb80!8m2!3d26.8987837!4d75.7361116!16s%2Fg%2F11h4xnj5yh!19sChIJDZsUvkG1bTkRgOsHYPxo6YE?authuser=0&hl=en&rclk=1","Dr.Pushpa Rawat","","","Obstetrician-gynecologist","·","","C-6/14,chitrakoot opposite gate no.3 jphs","","","","","","","","Directions","","","",""
"https://www.google.com/maps/place/Dr+Vinita+Gupta+-+best+gynecologist+in+nirman+nagar+jaipur/data=!4m7!3m6!1s0x396db4ef731f64c1:0xd6b9f88c06c30fa7!8m2!3d26.8803713!4d75.7454979!16s%2Fg%2F11f1z0yfsj!19sChIJwWQfc--0bTkRpw_DBoz4udY?authuser=0&hl=en&rclk=1","Dr Vinita Gupta - best gynecologist in nirman nagar jaipur","4.9","(40)","Obstetrician-gynecologist","·","","·","Kshitij Hospital","Closed","· Opens 9 am","·","094149 54040","http://www.drvinitagupta.com/","","Website","","Directions","""Experienced doctor with great diagnosis and treatment.""","https://ssl.gstatic.com/local/servicebusiness/default_user.png"
"https://www.google.com/maps/place/Metropolitan+Hospital/data=!4m7!3m6!1s0x396db6adbe0a7c29:0xe72f1e1d27c8af6!8m2!3d26.921104!4d75.7413642!16s%2Fg%2F1tgmtp26!19sChIJKXwKvq22bTkR9op80uHxcg4?authuser=0&hl=en&rclk=1","Metropolitan Hospital","3.8","(79)","General hospital","·","","·","203, Sirsi Rd","Open 24 hours","","·","0141 235 5948","http://metropolitanhosp.org/","","Website","","Directions","""She is not only a","https://ssl.gstatic.com/local/servicebusiness/default_user.png"
"https://www.google.com/maps/place/Dr.+Richa+Ainani+Ahluwalia/data=!4m7!3m6!1s0x396db51c9c24a4f1:0xf7a521ace4bb0752!8m2!3d26.887092!4d75.753362!16s%2Fg%2F11r39t6bv1!19sChIJ8aQknBy1bTkRUge75Kwhpfc?authuser=0&hl=en&rclk=1","Dr. Richa Ainani Ahluwalia","5.0","(93)","Gynecologist","·","","·","487-C","Closed","· Opens 5 pm","·","096364 42500","https://nirvairwellness.com/","","Website","","Directions","On-site services",""
"https://www.google.com/maps/place/Dr.+Toshi+Agarwal/data=!4m7!3m6!1s0x396db53e51a9fbdb:0xe72c0494b49df340!8m2!3d26.8809493!4d75.7485517!16s%2Fg%2F11q41y9zg4!19sChIJ2_upUT61bTkRQPOdtJQELOc?authuser=0&hl=en&rclk=1","Dr. Toshi Agarwal","5.0","(29)","Obstetrician-gynecologist","·","","·","1145, near Sharma Store","Closed","· Opens 6:30 pm","·","072309 94455","","","Directions","","","""She is very polite and alleviates all of my pregnancy-related concerns.""","https://ssl.gstatic.com/local/servicebusiness/default_user.png"
"https://www.google.com/maps/place/Dr.+Arti+Garg/data=!4m7!3m6!1s0x396c4b5567b6fea3:0x744b50bef424d98b!8m2!3d26.8996373!4d75.7012221!16s%2Fg%2F11h0b8dbxz!19sChIJo_62Z1VLbDkRi9kk9L5QS3Q?authuser=0&hl=en&rclk=1","Dr. Arti Garg","4.8","(31)","Obstetrician-gynecologist","·","","·","SILVER CROWN, Gandhi Path Rd","Closed","· Opens 5 pm","·","095090 82648","","","Directions","","","On-site services",""
"https://www.google.com/maps/place/Dr.+Komal+Saini+gynecologist/data=!4m7!3m6!1s0x396db50005b952d5:0xf97a96769063e826!8m2!3d26.8862183!4d75.7470112!16s%2Fg%2F11yt6tdwvd!19sChIJ1VK5BQC1bTkRJuhjkHaWevk?authuser=0&hl=en&rclk=1","Dr. Komal Saini gynecologist","5.0","(1)","Obstetrician-gynecologist","·","","VPPW+FRJ","","Closed","· Opens 9:30 am","","","","","Directions","","","",""
"https://www.google.com/maps/place/Shree+IVF+-+Navyam+Hospital,+Jaipur/data=!4m7!3m6!1s0x396db5f65165d66d:0x527cecd82694b8e7!8m2!3d26.8946004!4d75.7391493!16s%2Fg%2F11syx20xj9!19sChIJbdZlUfa1bTkR57iUJtjsfFI?authuser=0&hl=en&rclk=1","Shree IVF - Navyam Hospital, Jaipur","4.9","(389)","Hospital","·","","·","1st floor, Roop Janki Tower Shalimar Bagh Colony Chitrakut marg, Ajmer Rd","Open 24 hours","","·","090014 47233","http://navyamhospital.com/","","Website","","Directions","On-site services",""
"https://www.google.com/maps/place/Ashadeep+Clinic/data=!4m7!3m6!1s0x396db5aa60b35f73:0xd68b5cce45f5623!8m2!3d26.8909512!4d75.751252!16s%2Fg%2F11fm_9f_kx!19sChIJc1-zYKq1bTkRI1Zf5My1aA0?authuser=0&hl=en&rclk=1","Ashadeep Clinic","4.6","(16)","Obstetrician-gynecologist","·","","RPS tower ( basement, Ashadeep clinic, plot no 50, Kings Rd, near shyam nagar police station","·","Closed","· Opens 8 am","","080 6274 7622","https://book-appointment.healthplix.com/dr-dr-hiteshi-tanwar-obs-and-gynae--nirman-nagar-jaipur","","Website","","Directions","On-site services",""
"https://www.google.com/maps/place/SMG+9+STATES+Hospital/data=!4m7!3m6!1s0x396db5292be163ad:0x56951215ce2f3131!8m2!3d26.8939176!4d75.7337661!16s%2Fg%2F11kpk48yh1!19sChIJrWPhKym1bTkRMTEvzhUSlVY?authuser=0&hl=en&rclk=1","SMG 9 STATES Hospital","5.0","(450)","Hospital","·","","·","SMG 9 STATES Hospital, 138, Heeranagar _ A Delhi Bypass service road, 200 feet HEERAPURA Circle nr Dhawas underpass vaishalinagar","Open 24 hours","","","","https://www.smg9stateshospital.com/","","Website","","Directions","""The","https://ssl.gstatic.com/local/servicebusiness/default_user.png"
"https://www.google.com/maps/place/Dr.+Saini%27s+Multispecialty+Clinic/data=!4m7!3m6!1s0x396db5a533e2af35:0x5410aa9a255fa70d!8m2!3d26.9017967!4d75.7423018!16s%2Fg%2F11vy9k46yd!19sChIJNa_iM6W1bTkRDadfJZqqEFQ?authuser=0&hl=en&rclk=1","Dr. Saini's Multispecialty Clinic","5.0","(21)","Obstetrician-gynecologist","·","","Ground Floor - 148, S & S tower, near Akshardham Temple","·","Closed","· Opens 9 am","","094629 74346","","","Directions","","","On-site services",""
"https://www.google.com/maps/place/%E2%80%98SUSHRUT%E2%80%99,+Surgery+and+Gynaecology+Clinic,+Dr+Yogendra+Dadhich/data=!4m7!3m6!1s0x396db469f227112d:0xf06828849fa5efb7!8m2!3d26.9018189!4d75.7512628!16s%2Fg%2F11d_1m4by9!19sChIJLREn8mm0bTkRt--ln4QoaPA?authuser=0&hl=en&rclk=1","‘SUSHRUT’, Surgery and Gynaecology Clinic, Dr Yogendra Dadhich","5.0","(19)","Obstetrician-gynecologist","·","","·","Prince Road Sushrut’ 666, Vidhyut Nagar A near Hotel Sarovar Portico, Prince Road, Ajmer Rd","Closed","· Opens 5 pm","·","095099 12695","","","Directions","","","""Very understanding and caring doctor.""","https://ssl.gstatic.com/local/servicebusiness/default_user.png"
"https://www.google.com/maps/place/Asopa+Hospital/data=!4m7!3m6!1s0x396db494c08ae05d:0xc286b96c1d3f5efe!8m2!3d26.8914658!4d75.741445!16s%2Fg%2F11b76tbh4x!19sChIJXeCKwJS0bTkR_l4_HWy5hsI?authuser=0&hl=en&rclk=1","Asopa Hospital","4.6","(784)","Obstetrician-gynecologist","·","","·","93 B, Ajmer Rd","Open 24 hours","","·","0141 224 6161","","","Directions","","","On-site services",""
"https://www.google.com/maps/place/Rohit+Hospital/data=!4m7!3m6!1s0x396db49268eedbe3:0x5000ac792e6633c!8m2!3d26.8944994!4d75.7474769!16s%2Fg%2F1hm3tyqxl!19sChIJ49vuaJK0bTkRPGPmkscKAAU?authuser=0&hl=en&rclk=1","Rohit Hospital","4.8","(851)","Hospital","·","","·","K.T.R.- Near DCM, Ajmer Rd, Mahatma Gandhi Nagar, 3 & 4, Ajmer Rd","Open","· Closes 11:30 pm","·","0141 235 4243","https://rohithospital.com/","","Website","","Directions","On-site services",""
"https://www.google.com/maps/place/Vaishali+Hospital+%26+Surgical+Research+Center/data=!4m7!3m6!1s0x396db49dfa206699:0x48f2c675f7cf3add!8m2!3d26.9114321!4d75.7301723!16s%2Fg%2F1tmg4yv1!19sChIJmWYg-p20bTkR3TrP93XG8kg?authuser=0&hl=en&rclk=1","Vaishali Hospital & Surgical Research Center","4.1","(244)","Hospital","·","","·","69, Nand vihar, Main, Amrapali Marg","Open 24 hours","","·","087697 60077","http://www.vaishalihospital.com/","","Website","","Directions","""Great","https://ssl.gstatic.com/local/servicebusiness/default_user.png"
"https://www.google.com/maps/place/Dr.+Anima+Sharma/data=!4m7!3m6!1s0x396db5d91d09d5bb:0x4ac40e7212562429!8m2!3d26.90343!4d75.7292445!16s%2Fg%2F11pfcgmzfg!19sChIJu9UJHdm1bTkRKSRWEnIOxEo?authuser=0&hl=en&rclk=1","Dr. Anima Sharma","4.9","(73)","Doctor","·","","Shalby Multi-Specialty Hospital, Ajmer Expressway 200 Feet Bypass Road, near Gandhi Path","·","Closed","· Opens 10 am","","097991 80555","http://dranimasharma.com/","","Website","","Directions","""She explains very well about health and treatment.""","https://ssl.gstatic.com/local/servicebusiness/default_user.png"
"https://www.google.com/maps/place/PHOENIX+POLYCLINIC+AND+DIAGNOSTIC+CENTER/data=!4m7!3m6!1s0x396db4a26bc432c1:0xd69a338f2e518e0d!8m2!3d26.9051711!4d75.7359341!16s%2Fg%2F11gfjvz5l4!19sChIJwTLEa6K0bTkRDY5RLo8zmtY?authuser=0&hl=en&rclk=1","PHOENIX POLYCLINIC AND DIAGNOSTIC CENTER","4.7","(12)","Medical Center","·","","PHOENIX POLYCLINIC & DIAGNOSTIC CENTER, 1/54, Roshan Marg","·","Closed","· Opens 8 am","","0141 400 2256","","","Directions","","","",""
"https://www.google.com/maps/place/Dr.+Vaibhav+Agnihotri/data=!4m7!3m6!1s0x396db5165240e5e1:0xad2ecde5430bed14!8m2!3d26.9029968!4d75.7322594!16s%2Fg%2F11rct2hkzk!19sChIJ4eVAUha1bTkRFO0LQ-XNLq0?authuser=0&hl=en&rclk=1","Dr. Vaibhav Agnihotri","4.9","(341)","Child health care center","·","","257, Saraswati Marg, near Chitrakoot Stadium","·","Closed","· Opens 9 am","","081975 61760","https://dragnilifecare.in/","","Website","","Directions","""","https://ssl.gstatic.com/local/servicebusiness/default_user.png"
"https://www.google.com/maps/place/Dr.+Lokendra+Tyagi+-Eye+Specialist+Doctor+%7CBest+Hospital+%26+Clinic+in+Vaishali+Nagar+%26+Nearby+%7CRGHS+Facility+Available/data=!4m7!3m6!1s0x396db5574ef3bfad:0x59bee9635bc9c377!8m2!3d26.9107274!4d75.7359878!16s%2Fg%2F11h05bnkv4!19sChIJrb_zTle1bTkRd8PJW2Ppvlk?authuser=0&hl=en&rclk=1","Dr. Lokendra Tyagi -Eye Specialist Doctor |Best Hospital & Clinic in Vaishali Nagar & Nearby |RGHS Facility Available","4.3","(136)","Eye care center","·","","·","AA-31, Amrapali Marg","Closed","· Opens 9 am","·","080584 58065","https://www.drlokendratyagi.com/","","Website","","Directions","On-site services",""
"https://www.google.com/maps/place/Dr.+Sarju+Asalia/data=!4m7!3m6!1s0x396db485ac3585f1:0xf9f945d4ef99f07f!8m2!3d26.9054393!4d75.7522914!16s%2Fg%2F11g6xtxxtv!19sChIJ8YU1rIW0bTkRf_CZ79RF-fk?authuser=0&hl=en&rclk=1","Dr. Sarju Asalia","5.0","(2)","Obstetrician-gynecologist","·","","B-9, Nityanand Nagar, Gandhi Path, Lane 1, Near Vijay Dwar","·","Closed","· Opens 9 am","","098291 24086","","","Directions","","","""Best Gynecologist 👌""","https://ssl.gstatic.com/local/servicebusiness/default_user.png"
"https://www.google.com/maps/place/Shri+Nidaan+Hospital/data=!4m7!3m6!1s0x396db4858aa13067:0xc3fa51772a2fff56!8m2!3d26.8973359!4d75.7515306!16s%2Fg%2F1tk4pkgb!19sChIJZzChioW0bTkRVv8vKndR-sM?authuser=0&hl=en&rclk=1","Shri Nidaan Hospital","4.2","(106)","Private hospital","·","","·","Block A, 27, प्रिंस मार्ग","Open 24 hours","","·","0141 235 1770","","","Directions","","","""The doctors are experienced and the nursing staff is attentive.""","https://ssl.gstatic.com/local/servicebusiness/default_user.png"
"https://www.google.com/maps/place/Best+Multispeciality+Hospital+in+jaipur/data=!4m7!3m6!1s0x396dcb9b23a6d3db:0xf2bbca634546c6f7!8m2!3d26.9128261!4d75.7528458!16s%2Fg%2F11rhxm5dlc!19sChIJ29OmI5vLbTkR98ZGRWPKu_I?authuser=0&hl=en&rclk=1","Best Multispeciality Hospital in jaipur","3.7","(3)","Obstetrician-gynecologist","·","","·","326, 327, Queens Rd, opposite Jharkhand Mahadev temple","Open 24 hours","","·","080 6510 5084","https://www.pristyncare.com/jaipur/c/proctology/?utm_source=gmb&utm_medium=organic&utm_campaign=5067920520491561282&utm_term=Hospital&utm_content=websitelink","","Website","","Directions","On-site services",""
"https://www.google.com/maps/place/Jaipur+Medical+Directory/data=!4m7!3m6!1s0x396db54f580af30b:0xc2b67728a9252116!8m2!3d26.9048301!4d75.7234673!16s%2Fg%2F11ppm9r6rg!19sChIJC_MKWE-1bTkRFiElqSh3tsI?authuser=0&hl=en&rclk=1","Jaipur Medical Directory","5.0","(1)","Medical group","·","","·","15 Bhairav Nagar, Gas Godown road, Gandhi Path W","Open 24 hours","","·","094625 50946","https://www.jaipurmedicaldirectory.com/","","Website","","Directions","""Good portal to find doctors in rajasthan 👍👍👍👍""","https://ssl.gstatic.com/local/servicebusiness/default_user.png"
"https://www.google.com/maps/place/Dr.+Vibha+Chaturvedi+Sharma/data=!4m7!3m6!1s0x396db5bacece9193:0xb58cebfd048d35cd!8m2!3d26.886286!4d75.7537574!16s%2Fg%2F11ys_bbtxt!19sChIJk5HOzrq1bTkRzTWNBP3rjLU?authuser=0&hl=en&rclk=1","Dr. Vibha Chaturvedi Sharma","5.0","(5)","Obstetrician-gynecologist","·","","VS Medihub, 28","","Closed","· Opens 4 pm","","","https://drvibhasharma.com/","","Website","","Directions","On-site services not available",""
"https://www.google.com/maps/place/Dr+Sunita+Bhaskar/data=!4m7!3m6!1s0x396db3cf3df87a63:0x7f6c5444479dfc65!8m2!3d26.9165501!4d75.7470469!16s%2Fg%2F11fmlf2zjr!19sChIJY3r4Pc-zbTkRZfydR0RUbH8?authuser=0&hl=en&rclk=1","Dr Sunita Bhaskar","3.7","(15)","Obstetrician-gynecologist","·","","WP8W+JRF Unique Sangeeta Memorial Hospital, Valmiki Marg","","","","","","","","Directions","","","",""
"https://www.google.com/maps/place/Dr+Mamta+Gupta/data=!4m7!3m6!1s0x396db3c19dc52a4f:0xbebd7eeb32a64b74!8m2!3d26.934671!4d75.7928598!16s%2Fg%2F11rcmtkfnj!19sChIJTyrFncGzbTkRdEumMut-vb4?authuser=0&hl=en&rclk=1","Dr Mamta Gupta","4.9","(67)","Obstetrician-gynecologist","·","","·","K K TOWER, Opposite doodh mandi, Bani Park, main road, near Space cinema","Closed","· Opens 5:30 pm","·","098296 71603","https://srishtifertility.com/contact-us/","","Website","","Directions","On-site services",""
"https://www.google.com/maps/place/Dr.+Vibha+Chaturvedi+Sharma/data=!4m7!3m6!1s0x396db5e173610455:0xb0731758b2f9d554!8m2!3d26.9047009!4d75.8142123!16s%2Fg%2F1hm4l1j5c!19sChIJVQRhc-G1bTkRVNX5slgXc7A?authuser=0&hl=en&rclk=1","Dr. Vibha Chaturvedi Sharma","4.8","(1,383)","Obstetrician-gynecologist","·","","·","NO 1, SURYA HOSPITALS C -8 SURYA HOSPITALS B-7, Sawai Ram Singh Rd, opposite SMS HOSPITAL GATE","Closed","· Opens 10 am","·","078499 09109","https://drvibhasharma.com/","","Website","","Directions","On-site services",""
"https://www.google.com/maps/place/Dr.+Ramesh+Beniwal/data=!4m7!3m6!1s0x396db3004ea01db7:0xa40164403054b569!8m2!3d26.9194392!4d75.7388378!16s%2Fg%2F11w3xvnq15!19sChIJtx2gTgCzbTkRabVUMEBkAaQ?authuser=0&hl=en&rclk=1","Dr. Ramesh Beniwal","","","Gynecologist","·","","18","","","","","","","","Directions","","","",""
"https://www.google.com/maps/place/J+N+Mishra+Hospital/data=!4m7!3m6!1s0x396db156855db43f:0x99d96e7ad9b19f8f!8m2!3d26.919373!4d75.743139!16s%2Fg%2F1tnmq3fk!19sChIJP7RdhVaxbTkRj5-x2Xpu2Zk?authuser=0&hl=en&rclk=1","J N Mishra Hospital","4.6","(34)","Hospital","·","","·","B-52, Gautam Marg, near Vaishali Circle","Open 24 hours","","·","0141 235 7763","","","Directions","","","""","https://ssl.gstatic.com/local/servicebusiness/default_user.png"
"https://www.google.com/maps/place/Adinath+ENT+Hospital/data=!4m7!3m6!1s0x396db398b6eafb6b:0x3bc98226bf370b6d!8m2!3d26.9194958!4d75.7485909!16s%2Fg%2F11mmhw0961!19sChIJa_vqtpizbTkRbQs3vyaCyTs?authuser=0&hl=en&rclk=1","Adinath ENT Hospital","4.5","(441)","General hospital","·","","·","188, Vashisht Marg","Closed","· Opens 10 am","·","096670 78399","http://www.adinathhospitaljaipur.com/","","Website","","Directions","""They were friendly and provided quick treatment.""","https://ssl.gstatic.com/local/servicebusiness/default_user.png"
"https://www.google.com/maps/place/Medisky+Hospital/data=!4m7!3m6!1s0x396db3162b6987e7:0x1044016cbf1909ae!8m2!3d26.9164572!4d75.7469945!16s%2Fg%2F11xgwvb__x!19sChIJ54dpKxazbTkRrgkZv2wBRBA?authuser=0&hl=en&rclk=1","Medisky Hospital","4.7","(322)","Hospital","·","","·","Gom's Defence, Avenue 6 Lane, Valmiki Marg","Open 24 hours","","·","082904 84147","http://www.mediskyhospital.in/","","Website","","Directions","""Excellent service, skilled treatment and a truly caring team.""","https://ssl.gstatic.com/local/servicebusiness/default_user.png"
"https://www.google.com/maps/place/R+N+Multispeciality+hospital/data=!4m7!3m6!1s0x396db5509560e757:0xf39ab10b9bb91cff!8m2!3d26.8848005!4d75.7522776!16s%2Fg%2F11h2fr26ms!19sChIJV-dglVC1bTkR_xy5mwuxmvM?authuser=0&hl=en&rclk=1","R N Multispeciality hospital","4.9","(1,288)","Doctor","·","","·","109, Kings Rd","Open 24 hours","","·","0141 239 0320","http://rnmh.in/","","Website","","Directions","""... Chitra is an exceptionally kind, skilled, and dedicated gynecologist.""","https://ssl.gstatic.com/local/servicebusiness/default_user.png"
"https://www.google.com/maps/place/Mamta+Khunteta/data=!4m7!3m6!1s0x396c1c5f95555555:0x9b179f609e13f6f7!8m2!3d26.895961!4d75.7482331!16s%2Fg%2F1tqtw8ss!19sChIJVVVVlV8cbDkR9_YTnmCfF5s?authuser=0&hl=en&rclk=1","Mamta Khunteta","4.5","(2)","Obstetrician-gynecologist","·","","35, Ajmer Rd","","","","","0141 235 7223","","","Directions","","","",""
"https://www.google.com/maps/place/-Best+gynecologist+in+Nirman+nagar+Dr+Manju+Gupta,+Ayush+Hospital,+Nirman+nagar+,+Jaipur/data=!4m7!3m6!1s0x396db4f41f19f363:0x7e21930a815b56ad!8m2!3d26.8859999!4d75.7526876!16s%2Fg%2F11bxdw2gdj!19sChIJY_MZH_S0bTkRrVZbgQqTIX4?authuser=0&hl=en&rclk=1","-Best gynecologist in Nirman nagar Dr Manju Gupta, Ayush Hospital, Nirman nagar , Jaipur","3.9","(67)","Gynecologist","·","","·","34, Shiv Shakti Nagar, 332","Open 24 hours","","·","0141 403 3146","https://drmanjugupta.com/","","Website","","Directions","On-site services",""
"https://www.google.com/maps/place/Vivan+Hospital/data=!4m7!3m6!1s0x396db484721a37db:0x8481aed7a1fa17d0!8m2!3d26.910988!4d75.752674!16s%2Fg%2F11b5qwrj01!19sChIJ2zcacoS0bTkR0Bf6odeugYQ?authuser=0&hl=en&rclk=1","Vivan Hospital","4.4","(353)","Sexologist","·","","·","10, Queens Rd","Closed","· Opens 11 am","·","091663 00200","https://www.vivanhospital.com/","","Website","","Directions","""The","https://ssl.gstatic.com/local/servicebusiness/default_user.png"
"https://www.google.com/maps/place/Dr.+Rishika+Saini+%7C+Obstetrics+and+Gynaecology/data=!4m7!3m6!1s0x396db5e40ad261ad:0x725b1af6151a977f!8m2!3d26.9018!4d75.7422989!16s%2Fg%2F11w21zk_dh!19sChIJrWHSCuS1bTkRf5caFfYaW3I?authuser=0&hl=en&rclk=1","Dr. Rishika Saini | Obstetrics and Gynaecology","5.0","(1)","Women's health clinic","·","","Near, Dr. Saini's Multi-Speciality Clinic, Akshardham Mandir Rd","·","","","","094629 74346","","","Directions","","","""Grt experience""","https://ssl.gstatic.com/local/servicebusiness/default_user.png"
"https://www.google.com/maps/place/Joshi+Usha/data=!4m7!3m6!1s0x396db35e6fffffff:0xd62d0d4f5a895a58!8m2!3d26.9196108!4d75.7350056!16s%2Fg%2F11c1ssvbl8!19sChIJ____b16zbTkRWFqJWk8NLdY?authuser=0&hl=en&rclk=1","Joshi Usha","3.0","(4)","Obstetrician-gynecologist","·","","263, Sirsi Road, Behind Ratan Bagh Marriage Garden, Paschim Vihar","·","","","","0141 235 2318","","","Directions","","","",""
"https://www.google.com/maps/place/Dr.+Brinderjeet+Kaur/data=!4m7!3m6!1s0x396db5f614477867:0x3d408969db182339!8m2!3d26.9097526!4d75.7530291!16s%2Fg%2F11mpd397b3!19sChIJZ3hHFPa1bTkROSMY22mJQD0?authuser=0&hl=en&rclk=1","Dr. Brinderjeet Kaur","4.4","(5)","Obstetrician-gynecologist","·","","Green Park, 61, K-5 Scheme, Queens Rd","","","","","","https://drbrinderjeetkaur.getmy.clinic/?utm_source=gmb&utm_medium=web&utm_campaign=tu","","Website","","Directions","""Unsatisfactory services""","https://ssl.gstatic.com/local/servicebusiness/default_user.png"
"https://www.google.com/maps/place/dr+lavina+sharma/data=!4m7!3m6!1s0x396db35e3c519d8f:0x35492150da4a4e07!8m2!3d26.9243367!4d75.7409608!16s%2Fg%2F11rkl772gx!19sChIJj51RPF6zbTkRB05K2lAhSTU?authuser=0&hl=en&rclk=1","dr lavina sharma","","","Gynecologist","·","","WPFR+P9P, Vaishali Marg","","","","","","","","Directions","","","",""
"","","","","","","","","","","","","","","","","","","",""